"STATION","NAME","DATE","DAPR","MDPR","PRCP","SNOW","SNWD","TAVG","TMAX","TMIN","TOBS","WESD","WESF"
"USC00428119","SPANISH FORK POWER HOUSE, UT US","2022-01-01",,,"0.02","0.0","10.0",,"26","9","18",,
"USC00428119","SPANISH FORK POWER HOUSE, UT US","2022-01-02",,,"0.00","0.0","8.0",,"18","-1","17",,
"USC00428119","SPANISH FORK POWER HOUSE, UT US","2022-01-03",,,"0.00","0.0","4.0",,"33","12","32",,
"USC00428119","SPANISH FORK POWER HOUSE, UT US","2022-01-04",,,"0.00","0.0","2.0",,"40","24","34",,
"USC00428119","SPANISH FORK POWER HOUSE, UT US","2022-01-05",,,"0.02","0.0","1.0",,"43","28","38",,
"USC00428119","SPANISH FORK POWER HOUSE, UT US","2022-01-06",,,"0.02","0.0","0.0",,"51","34","47",,
"USC00428119","SPANISH FORK POWER HOUSE, UT US","2022-01-07",,,"0.00","0.0","0.0",,"54","34","50",,
"USC00428119","SPANISH FORK POWER HOUSE, UT US","2022-01-08",,,"0.26","0.0","0.0",,"50","33","35",,
"USC00428119","SPANISH FORK POWER HOUSE, UT US","2022-01-09",,,"0.00","0.0","0.0",,"37","17","33",,
"USC00428119","SPANISH FORK POWER HOUSE, UT US","2022-01-10",,,"0.00","0.0","0.0",,"39","17","34",,
"USC00428119","SPANISH FORK POWER HOUSE, UT US","2022-01-11",,,"0.00","0.0","0.0",,"38","20","34",,
"USC00428119","SPANISH FORK POWER HOUSE, UT US","2022-01-12",,,"0.00","0.0","0.0",,"41","20","40",,
"USC00428119","SPANISH FORK POWER HOUSE, UT US","2022-01-13",,,"0.00","0.0","0.0",,"43","26","43",,
"USC00428119","SPANISH FORK POWER HOUSE, UT US","2022-01-14",,,"0.00","0.0","0.0",,"43","26","38",,
"USC00428119","SPANISH FORK POWER HOUSE, UT US","2022-01-15",,,"0.00","0.0","0.0",,"39","23","36",,
"USC00428119","SPANISH FORK POWER HOUSE, UT US","2022-01-16",,,"0.00","0.0","0.0",,"39","21","36",,
"USC00428119","SPANISH FORK POWER HOUSE, UT US","2022-01-17",,,"0.00","0.0","0.0",,"40","22","36",,
"USC00428119","SPANISH FORK POWER HOUSE, UT US","2022-01-18",,,"0.00","0.0","0.0",,"40","25","40",,
"USC00428119","SPANISH FORK POWER HOUSE, UT US","2022-01-19",,,"0.00","0.0","0.0",,"41","26","35",,
"USC00428119","SPANISH FORK POWER HOUSE, UT US","2022-01-20",,,"0.00","0.0","0.0",,"39","21","38",,
"USC00428119","SPANISH FORK POWER HOUSE, UT US","2022-01-21",,,"0.01","0.0","0.0",,"40","28","34",,
"USC00428119","SPANISH FORK POWER HOUSE, UT US","2022-01-22",,,"0.00","0.0","0.0",,"37","21","37",,
"USC00428119","SPANISH FORK POWER HOUSE, UT US","2022-01-23",,,"0.00","0.0","0.0",,"37","19","36",,
"USC00428119","SPANISH FORK POWER HOUSE, UT US","2022-01-24",,,"0.00","0.0","0.0",,"40","19","38",,
"USC00428119","SPANISH FORK POWER HOUSE, UT US","2022-01-25",,,,"1.0","1.0",,"40","28","34",,
"USC00428119","SPANISH FORK POWER HOUSE, UT US","2022-01-26",,,"0.00","0.0","0.0",,"39","20","36",,
"USC00428119","SPANISH FORK POWER HOUSE, UT US","2022-01-27",,,"0.00","0.0","0.0",,"38","17","36",,
"USC00428119","SPANISH FORK POWER HOUSE, UT US","2022-01-28",,,"0.00","0.0","0.0",,"36","13","36",,
"USC00428119","SPANISH FORK POWER HOUSE, UT US","2022-01-29",,,"0.00","0.0","0.0",,"40","18","39",,
"USC00428119","SPANISH FORK POWER HOUSE, UT US","2022-01-30",,,"0.00","0.0","0.0",,"41","19","41",,
"USC00428119","SPANISH FORK POWER HOUSE, UT US","2022-01-31",,,"0.00","0.0","0.0",,"46","22","41",,
"USC00428119","SPANISH FORK POWER HOUSE, UT US","2022-02-01",,,"0.00","0.0","0.0",,"41","17","31",,
"USC00428119","SPANISH FORK POWER HOUSE, UT US","2022-02-02",,,"0.05","2.0","2.0",,"32","14","22",,
"USC00428119","SPANISH FORK POWER HOUSE, UT US","2022-02-03",,,"0.00","0.0","0.0",,"31","8","27",,
"USC00428119","SPANISH FORK POWER HOUSE, UT US","2022-02-04",,,"0.00","0.0","0.0",,"34","10","33",,
"USC00428119","SPANISH FORK POWER HOUSE, UT US","2022-02-05",,,"0.00","0.0","0.0",,"42","17","41",,
"USC00428119","SPANISH FORK POWER HOUSE, UT US","2022-02-06",,,"0.00","0.0","0.0",,"42","21","41",,
"USC00428119","SPANISH FORK POWER HOUSE, UT US","2022-02-07",,,"0.00","0.0","0.0",,"46","20","45",,
"USC00428119","SPANISH FORK POWER HOUSE, UT US","2022-02-08",,,"0.00","0.0","0.0",,"49","24","38",,
"USC00428119","SPANISH FORK POWER HOUSE, UT US","2022-02-09",,,"0.00","0.0","0.0",,"48","23","46",,
"USC00428119","SPANISH FORK POWER HOUSE, UT US","2022-02-10",,,"0.00","0.0","0.0",,"49","28","48",,
"USC00428119","SPANISH FORK POWER HOUSE, UT US","2022-02-11",,,"0.00","0.0","0.0",,"52","27","52",,
"USC00428119","SPANISH FORK POWER HOUSE, UT US","2022-02-12",,,"0.00","0.0","0.0",,"52","25","50",,
"USC00428119","SPANISH FORK POWER HOUSE, UT US","2022-02-13",,,"0.00","0.0","0.0",,"55","24","54",,
"USC00428119","SPANISH FORK POWER HOUSE, UT US","2022-02-14",,,"0.00","0.0","0.0",,"58","28","55",,
"USC00428119","SPANISH FORK POWER HOUSE, UT US","2022-02-15",,,"0.00","0.0","0.0",,"58","28","45",,
"USC00428119","SPANISH FORK POWER HOUSE, UT US","2022-02-16",,,"0.27","2.0","2.0",,"45","29","31",,
"USC00428119","SPANISH FORK POWER HOUSE, UT US","2022-02-17",,,"0.00","0.0","1.0",,"45","17","37",,
"USC00428119","SPANISH FORK POWER HOUSE, UT US","2022-02-18",,,"0.00","0.0","0.0",,"46","23","46",,
"USC00428119","SPANISH FORK POWER HOUSE, UT US","2022-02-19",,,"0.00","0.0","0.0",,"53","23","50",,
"USC00428119","SPANISH FORK POWER HOUSE, UT US","2022-02-20",,,"0.00","0.0","0.0",,"56","27","53",,
"USC00428119","SPANISH FORK POWER HOUSE, UT US","2022-02-21",,,"0.45","4.5","4.0",,"53","28","28",,
"USC00428119","SPANISH FORK POWER HOUSE, UT US","2022-02-22",,,"0.02","2.0","3.0",,"37","19","26",,
"USC00428119","SPANISH FORK POWER HOUSE, UT US","2022-02-23",,,"0.35","3.0","6.0",,"36","18","20",,
"USC00428119","SPANISH FORK POWER HOUSE, UT US","2022-02-24",,,"0.10","2.0","5.0",,"26","12","25",,
"USC00428119","SPANISH FORK POWER HOUSE, UT US","2022-02-25",,,"0.00","0.0","3.0",,"29","15","27",,
"USC00428119","SPANISH FORK POWER HOUSE, UT US","2022-02-26",,,"0.00","0.0","3.0",,"29","8","28",,
"USC00428119","SPANISH FORK POWER HOUSE, UT US","2022-02-27",,,"0.00","0.0","3.0",,"35","11","35",,
"USC00428119","SPANISH FORK POWER HOUSE, UT US","2022-02-28",,,"0.00","0.0","2.0",,"46","18","45",,
"USC00428119","SPANISH FORK POWER HOUSE, UT US","2022-03-01",,,"0.00",,"1.0",,"54","27","53",,
"USC00428119","SPANISH FORK POWER HOUSE, UT US","2022-03-02",,,"0.00",,,,"64","35","60",,
"USC00428119","SPANISH FORK POWER HOUSE, UT US","2022-03-04",,,"0.00",,,,"66","43","53",,
"USC00428119","SPANISH FORK POWER HOUSE, UT US","2022-03-05",,,"0.12",,,,"54","36","45",,
"USC00428119","SPANISH FORK POWER HOUSE, UT US","2022-03-06",,,"0.26","1.0","1.0",,"45","27","31",,
"USC00428119","SPANISH FORK POWER HOUSE, UT US","2022-03-07",,,"0.04",,,,"36","21","35",,
"USC00428119","SPANISH FORK POWER HOUSE, UT US","2022-03-08",,,"0.00",,,,"38","21","36",,
"USC00428119","SPANISH FORK POWER HOUSE, UT US","2022-03-11",,,"0.00",,,,"41","9","41",,
"USC00428119","SPANISH FORK POWER HOUSE, UT US","2022-03-12",,,"0.00",,,,"52","23","52",,
"USC00428119","SPANISH FORK POWER HOUSE, UT US","2022-03-14",,,"0.02",,,,"51","31","50",,
"USC00428119","SPANISH FORK POWER HOUSE, UT US","2022-03-16",,,"0.00",,,,"61","36","48",,
"USC00428119","SPANISH FORK POWER HOUSE, UT US","2022-03-18",,,"0.00",,,,"56","32","53",,
"USC00428119","SPANISH FORK POWER HOUSE, UT US","2022-03-19",,,"0.00",,,,"60","32","59",,
"USC00428119","SPANISH FORK POWER HOUSE, UT US","2022-03-20",,,"0.25",,,,"59","31","34",,
"USC00428119","SPANISH FORK POWER HOUSE, UT US","2022-03-21",,,"0.04",,,,"45","28","44",,
"USC00428119","SPANISH FORK POWER HOUSE, UT US","2022-03-22",,,"0.00",,,,"53","28","52",,
"USC00428119","SPANISH FORK POWER HOUSE, UT US","2022-03-23",,,"0.00",,,,"57","30","56",,
"USC00428119","SPANISH FORK POWER HOUSE, UT US","2022-03-24",,,"0.00",,,,"67","34","65",,
"USC00428119","SPANISH FORK POWER HOUSE, UT US","2022-03-25",,,"0.00",,,,"74","39","71",,
"USC00428119","SPANISH FORK POWER HOUSE, UT US","2022-03-26",,,"0.00",,,,"78","46","78",,
"USC00428119","SPANISH FORK POWER HOUSE, UT US","2022-03-27",,,"0.00",,,,"78","46","73",,
"USC00428119","SPANISH FORK POWER HOUSE, UT US","2022-03-28",,,"0.00",,,,"73","47","50",,
"USC00428119","SPANISH FORK POWER HOUSE, UT US","2022-03-29",,,"0.12",,,,"55","39","53",,
"USC00428119","SPANISH FORK POWER HOUSE, UT US","2022-03-30",,,"0.25",,,,"59","40","58",,
"USC00428119","SPANISH FORK POWER HOUSE, UT US","2022-03-31",,,"0.06",,,,"59","38","44",,
"USC00428119","SPANISH FORK POWER HOUSE, UT US","2022-04-01",,,"0.00",,,,"57","32","55",,
"USC00428119","SPANISH FORK POWER HOUSE, UT US","2022-04-02",,,"0.00",,,,"66","32","66",,
"USC00428119","SPANISH FORK POWER HOUSE, UT US","2022-04-03",,,"0.00",,,,"66","36","59",,
"USC00422057","DEER CREEK DAM, UT US","2022-01-01",,,"0.11","1.0","14.0",,"26","0","1",,
"USC00422057","DEER CREEK DAM, UT US","2022-01-02",,,"0.00","0.0","13.0",,"18","-5","-3",,
"USC00422057","DEER CREEK DAM, UT US","2022-01-03",,,"0.00","0.0","13.0",,"16","-3","6",,
"USC00422057","DEER CREEK DAM, UT US","2022-01-04",,,"0.00","0.0","12.0",,"39","5","38",,
"USC00422057","DEER CREEK DAM, UT US","2022-01-05",,,"0.08","1.0","11.0",,"40","30","37",,
"USC00422057","DEER CREEK DAM, UT US","2022-01-06",,,"0.35","0.0","6.0",,"44","34","41",,
"USC00422057","DEER CREEK DAM, UT US","2022-01-07",,,"0.00","0.0","0.0",,"48","27","27",,
"USC00422057","DEER CREEK DAM, UT US","2022-01-08",,,"0.08","0.0","0.0",,"53","26","32",,
"USC00422057","DEER CREEK DAM, UT US","2022-01-09",,,"0.00","0.0","0.0",,"40","13","13",,
"USC00422057","DEER CREEK DAM, UT US","2022-01-10",,,"0.00","0.0","0.0",,"31","9","9",,
"USC00422057","DEER CREEK DAM, UT US","2022-01-11",,,"0.00","0.0","0.0",,"33","9","12",,
"USC00422057","DEER CREEK DAM, UT US","2022-01-12",,,"0.00","0.0","0.0",,"35","11","16",,
"USC00422057","DEER CREEK DAM, UT US","2022-01-13",,,"0.00","0.0","0.0",,"37","15","15",,
"USC00422057","DEER CREEK DAM, UT US","2022-01-14",,,"0.00","0.0","0.0",,"37","15","27",,
"USC00422057","DEER CREEK DAM, UT US","2022-01-15",,,"0.00","0.0","0.0",,"41","13","14",,
"USC00422057","DEER CREEK DAM, UT US","2022-01-16",,,"0.00","0.0","0.0",,"37","13","13",,
"USC00422057","DEER CREEK DAM, UT US","2022-01-17",,,"0.00","0.0","0.0",,"37","11","12",,
"USC00422057","DEER CREEK DAM, UT US","2022-01-18",,,"0.00","0.0","0.0",,"36","11","23",,
"USC00422057","DEER CREEK DAM, UT US","2022-01-19",,,"0.00","0.0","0.0",,"44","16","16",,
"USC00422057","DEER CREEK DAM, UT US","2022-01-20",,,"0.00","0.0","0.0",,"37","14","17",,
"USC00422057","DEER CREEK DAM, UT US","2022-01-21",,,"0.10","1.0","1.0",,"37","17","27",,
"USC00422057","DEER CREEK DAM, UT US","2022-01-22",,,"0.00","0.0","0.0",,"40","17","23",,
"USC00422057","DEER CREEK DAM, UT US","2022-01-23",,,"0.00","0.0","0.0",,"34","11","12",,
"USC00422057","DEER CREEK DAM, UT US","2022-01-24",,,"0.00","0.0","0.0",,"36","12","12",,
"USC00422057","DEER CREEK DAM, UT US","2022-01-25",,,"0.00","0.0","0.0",,"39","11","27",,
"USC00422057","DEER CREEK DAM, UT US","2022-01-26",,,"0.00","0.0","0.0",,"38","10","15",,
"USC00422057","DEER CREEK DAM, UT US","2022-01-27",,,"0.00","0.0","0.0",,"38","10","13",,
"USC00422057","DEER CREEK DAM, UT US","2022-01-28",,,"0.00","0.0","0.0",,"33","6","6",,
"USC00422057","DEER CREEK DAM, UT US","2022-01-29",,,"0.00","0.0","0.0",,"34","5","6",,
"USC00422057","DEER CREEK DAM, UT US","2022-01-30",,,"0.00","0.0","0.0",,"38","5","7",,
"USC00422057","DEER CREEK DAM, UT US","2022-01-31",,,"0.00","0.0","0.0",,"42","6","17",,
"USC00422057","DEER CREEK DAM, UT US","2022-02-01",,,"0.00","0.0","0.0",,"47","12","12",,
"USC00422057","DEER CREEK DAM, UT US","2022-02-02",,,"0.03","0.3","0.0",,"29","9","12",,
"USC00422057","DEER CREEK DAM, UT US","2022-02-03",,,"0.00","0.0","0.0",,"25","3","6",,
"USC00422057","DEER CREEK DAM, UT US","2022-02-04",,,"0.00","0.0","0.0",,"28","6","8",,
"USC00422057","DEER CREEK DAM, UT US","2022-02-05",,,"0.00","0.0","0.0",,"34","7","10",,
"USC00422057","DEER CREEK DAM, UT US","2022-02-06",,,"0.00","0.0","0.0",,"41","9","13",,
"USC00422057","DEER CREEK DAM, UT US","2022-02-07",,,"0.00","0.0","0.0",,"41","11","12",,
"USC00422057","DEER CREEK DAM, UT US","2022-02-08",,,"0.00","0.0","0.0",,"44","11","18",,
"USC00422057","DEER CREEK DAM, UT US","2022-02-09",,,"0.00","0.0","0.0",,"46","16","21",,
"USC00422057","DEER CREEK DAM, UT US","2022-02-10",,,"0.00","0.0","0.0",,"46","21","25",,
"USC00422057","DEER CREEK DAM, UT US","2022-02-11",,,"0.00","0.0","0.0",,"47","22","24",,
"USC00422057","DEER CREEK DAM, UT US","2022-02-12",,,"0.00","0.0","0.0",,"52","16","16",,
"USC00422057","DEER CREEK DAM, UT US","2022-02-13",,,"0.00","0.0","0.0",,"46","15","15",,
"USC00422057","DEER CREEK DAM, UT US","2022-02-14",,,"0.00","0.0","0.0",,"54","15","18",,
"USC00422057","DEER CREEK DAM, UT US","2022-02-15",,,"0.00","0.0","0.0",,"55","18","33",,
"USC00422057","DEER CREEK DAM, UT US","2022-02-16",,,"0.00","0.0","0.0",,"51","24","27",,
"USC00422057","DEER CREEK DAM, UT US","2022-02-17",,,"0.01","0.1","0.0",,"34","17","17",,
"USC00422057","DEER CREEK DAM, UT US","2022-02-18",,,"0.00","0.0","0.0",,"36","16","18",,
"USC00422057","DEER CREEK DAM, UT US","2022-02-19",,,"0.00","0.0","0.0",,"44","15","16",,
"USC00422057","DEER CREEK DAM, UT US","2022-02-20",,,"0.00","0.0","0.0",,"51","16","19",,
"USC00422057","DEER CREEK DAM, UT US","2022-02-21",,,"0.02","0.5","0.0",,"51","19","29",,
"USC00422057","DEER CREEK DAM, UT US","2022-02-22",,,"0.40","4.0","4.0",,"30","14","17",,
"USC00422057","DEER CREEK DAM, UT US","2022-02-23",,,"0.21","3.0","7.0",,"30","8","8",,
"USC00422057","DEER CREEK DAM, UT US","2022-02-24",,,"0.15","2.0","8.0",,"13","0","2",,
"USC00422057","DEER CREEK DAM, UT US","2022-02-25",,,"0.00","0.0","6.0",,"22","1","12",,
"USC00422057","DEER CREEK DAM, UT US","2022-02-26",,,"0.00","0.0","6.0",,"26","-5","-4",,
"USC00422057","DEER CREEK DAM, UT US","2022-02-27",,,"0.00","0.0","6.0",,"29","-4","5",,
"USC00422057","DEER CREEK DAM, UT US","2022-02-28",,,"0.00","0.0","6.0",,"36","4","8",,
"USC00422057","DEER CREEK DAM, UT US","2022-03-01",,,"0.00","0.0","4.0",,"45","7","17",,
"USC00422057","DEER CREEK DAM, UT US","2022-03-02",,,"0.00","0.0","0.0",,"51","16","25",,
"USC00422057","DEER CREEK DAM, UT US","2022-03-03",,,"0.00","0.0","0.0",,"62","24","26",,
"USC00422057","DEER CREEK DAM, UT US","2022-03-04",,,"0.00","0.0","0.0",,"64","26","36",,
"USC00422057","DEER CREEK DAM, UT US","2022-03-05",,,"0.15","0.0","0.0",,"52","35","36",,
"USC00422057","DEER CREEK DAM, UT US","2022-03-06",,,"0.30","0.0","0.0",,"43","30","31",,
"USC00422057","DEER CREEK DAM, UT US","2022-03-07",,,"0.00","0.0","0.0",,"32","16","17",,
"USC00422057","DEER CREEK DAM, UT US","2022-03-08",,,"0.00","0.0","0.0",,"33","16","19",,
"USC00422057","DEER CREEK DAM, UT US","2022-03-09",,,"0.19","3.5","3.0",,"34","18","29",,
"USC00422057","DEER CREEK DAM, UT US","2022-03-10",,,"0.00","0.0","0.0",,"38","15","18",,
"USC00422057","DEER CREEK DAM, UT US","2022-03-11",,,"0.00","0.0","0.0",,"30","5","6",,
"USC00422057","DEER CREEK DAM, UT US","2022-03-12",,,"0.00","0.0","0.0",,"36","6","17",,
"USC00422057","DEER CREEK DAM, UT US","2022-03-13",,,"0.00","0.0","0.0",,"50","17","27",,
"USC00422057","DEER CREEK DAM, UT US","2022-03-14",,,"0.02","0.0","0.0",,"43","25","25",,
"USC00422057","DEER CREEK DAM, UT US","2022-03-15",,,"0.00","0.0","0.0",,"48","23","23",,
"USC00422057","DEER CREEK DAM, UT US","2022-03-16",,,"0.10","0.0","0.0",,"60","23","36",,
"USC00422057","DEER CREEK DAM, UT US","2022-03-17",,,"0.00","0.0","0.0",,"48","24","24",,
"USC00422057","DEER CREEK DAM, UT US","2022-03-18",,,"0.00","0.0","0.0",,"46","23","24",,
"USC00422057","DEER CREEK DAM, UT US","2022-03-19",,,"0.00","0.0","0.0",,"51","22","24",,
"USC00422057","DEER CREEK DAM, UT US","2022-03-20",,,"0.00","0.0","0.0",,"58","24","40",,
"USC00422057","DEER CREEK DAM, UT US","2022-03-21",,,"0.02","0.0","0.0",,"47","22","23",,
"USC00422057","DEER CREEK DAM, UT US","2022-03-22",,,"0.00","0.0","0.0",,"45","22","25",,
"USC00422057","DEER CREEK DAM, UT US","2022-03-23",,,"0.00","0.0","0.0",,"49","20","21",,
"USC00422057","DEER CREEK DAM, UT US","2022-03-24",,,"0.00","0.0","0.0",,"54","20","25",,
"USC00422057","DEER CREEK DAM, UT US","2022-03-25",,,"0.00","0.0","0.0",,"64","24","27",,
"USC00422057","DEER CREEK DAM, UT US","2022-03-26",,,"0.00","0.0","0.0",,"69","27","31",,
"USC00422057","DEER CREEK DAM, UT US","2022-03-27",,,"0.00","0.0","0.0",,"73","31","36",,
"USC00422057","DEER CREEK DAM, UT US","2022-03-28",,,"0.00","0.0","0.0",,"72","35","51",,
"USC00422057","DEER CREEK DAM, UT US","2022-03-29",,,"0.59","0.0","0.0",,"63","36","36",,
"USC00422057","DEER CREEK DAM, UT US","2022-03-30",,,"0.12","0.0","0.0",,"49","36","37",,
"USC00422057","DEER CREEK DAM, UT US","2022-03-31",,,"0.00","0.0","0.0",,"55","29","30",,
"USC00422057","DEER CREEK DAM, UT US","2022-04-01",,,"0.00","0.0","0.0",,"47","22","23",,
"USC00422057","DEER CREEK DAM, UT US","2022-04-02",,,"0.00","0.0","0.0",,"54","22","25",,
"USC00422057","DEER CREEK DAM, UT US","2022-04-03",,,"0.00","0.0","0.0",,"63","25","32",,
"US1UTUT0032","OREM 1.4 ESE, UT US","2022-01-01",,,"0.03","0.0",,,,,,,
"US1UTUT0032","OREM 1.4 ESE, UT US","2022-01-02",,,"0.00","0.0",,,,,,,
"US1UTUT0032","OREM 1.4 ESE, UT US","2022-01-03",,,"0.00","0.0",,,,,,,
"US1UTUT0032","OREM 1.4 ESE, UT US","2022-01-05",,,"0.03",,,,,,,,
"US1UTUT0032","OREM 1.4 ESE, UT US","2022-01-06",,,"0.18",,,,,,,,
"US1UTUT0032","OREM 1.4 ESE, UT US","2022-01-07",,,"0.02",,,,,,,,
"US1UTUT0032","OREM 1.4 ESE, UT US","2022-01-09","    2","0.08",,,,,,,,,
"US1UTUT0032","OREM 1.4 ESE, UT US","2022-01-10",,,"0.00","0.0",,,,,,,
"US1UTUT0032","OREM 1.4 ESE, UT US","2022-01-11",,,"0.00","0.0",,,,,,,
"US1UTUT0032","OREM 1.4 ESE, UT US","2022-01-12",,,"0.00","0.0",,,,,,,
"US1UTUT0032","OREM 1.4 ESE, UT US","2022-01-13",,,"0.00","0.0",,,,,,,
"US1UTUT0032","OREM 1.4 ESE, UT US","2022-01-14",,,"0.00","0.0",,,,,,,
"US1UTUT0032","OREM 1.4 ESE, UT US","2022-01-15",,,"0.00","0.0",,,,,,,
"US1UTUT0032","OREM 1.4 ESE, UT US","2022-01-16",,,"0.00","0.0",,,,,,,
"US1UTUT0032","OREM 1.4 ESE, UT US","2022-01-17",,,"0.00","0.0",,,,,,,
"US1UTUT0032","OREM 1.4 ESE, UT US","2022-01-18",,,"0.00","0.0",,,,,,,
"US1UTUT0032","OREM 1.4 ESE, UT US","2022-01-19",,,"0.00","0.0",,,,,,,
"US1UTUT0032","OREM 1.4 ESE, UT US","2022-01-20",,,"0.00","0.0",,,,,,,
"US1UTUT0032","OREM 1.4 ESE, UT US","2022-01-21",,,"0.03",,,,,,,,
"US1UTUT0032","OREM 1.4 ESE, UT US","2022-01-22",,,"0.00","0.0",,,,,,,
"US1UTUT0032","OREM 1.4 ESE, UT US","2022-01-23",,,"0.00","0.0",,,,,,,
"US1UTUT0032","OREM 1.4 ESE, UT US","2022-01-24",,,"0.00","0.0",,,,,,,
"US1UTUT0032","OREM 1.4 ESE, UT US","2022-01-25",,,"0.01",,,,,,,,
"US1UTUT0032","OREM 1.4 ESE, UT US","2022-01-26",,,"0.00","0.0",,,,,,,
"US1UTUT0032","OREM 1.4 ESE, UT US","2022-01-27",,,"0.00","0.0",,,,,,,
"US1UTUT0032","OREM 1.4 ESE, UT US","2022-01-28",,,"0.00","0.0",,,,,,,
"US1UTUT0032","OREM 1.4 ESE, UT US","2022-01-29",,,"0.00","0.0",,,,,,,
"US1UTUT0032","OREM 1.4 ESE, UT US","2022-01-30",,,"0.00","0.0",,,,,,,
"US1UTUT0032","OREM 1.4 ESE, UT US","2022-01-31",,,"0.00","0.0",,,,,,,
"US1UTUT0032","OREM 1.4 ESE, UT US","2022-02-01",,,"0.00","0.0",,,,,,,
"US1UTUT0032","OREM 1.4 ESE, UT US","2022-02-02",,,"0.04",,,,,,,,
"US1UTUT0032","OREM 1.4 ESE, UT US","2022-02-03",,,"0.00","0.0",,,,,,,
"US1UTUT0032","OREM 1.4 ESE, UT US","2022-02-04",,,"0.00","0.0",,,,,,,
"US1UTUT0032","OREM 1.4 ESE, UT US","2022-02-05",,,"0.00","0.0",,,,,,,
"US1UTUT0032","OREM 1.4 ESE, UT US","2022-02-06",,,"0.00","0.0",,,,,,,
"US1UTUT0032","OREM 1.4 ESE, UT US","2022-02-07",,,"0.00","0.0",,,,,,,
"US1UTUT0032","OREM 1.4 ESE, UT US","2022-02-08",,,"0.00","0.0",,,,,,,
"US1UTUT0032","OREM 1.4 ESE, UT US","2022-02-09",,,"0.00","0.0",,,,,,,
"US1UTUT0032","OREM 1.4 ESE, UT US","2022-02-10",,,"0.00","0.0",,,,,,,
"US1UTUT0032","OREM 1.4 ESE, UT US","2022-02-11",,,"0.00","0.0",,,,,,,
"US1UTUT0032","OREM 1.4 ESE, UT US","2022-02-12",,,"0.00","0.0",,,,,,,
"US1UTUT0032","OREM 1.4 ESE, UT US","2022-02-13",,,"0.00","0.0",,,,,,,
"US1UTUT0032","OREM 1.4 ESE, UT US","2022-02-14",,,"0.00","0.0",,,,,,,
"US1UTUT0032","OREM 1.4 ESE, UT US","2022-02-15",,,"0.00","0.0",,,,,,,
"US1UTUT0032","OREM 1.4 ESE, UT US","2022-02-16",,,"0.01",,,,,,,,
"US1UTUT0032","OREM 1.4 ESE, UT US","2022-02-17",,,"0.00",,,,,,,,
"US1UTUT0032","OREM 1.4 ESE, UT US","2022-02-18",,,"0.00","0.0",,,,,,,
"US1UTUT0032","OREM 1.4 ESE, UT US","2022-02-19",,,"0.00","0.0",,,,,,,
"US1UTUT0032","OREM 1.4 ESE, UT US","2022-02-20",,,"0.00","0.0",,,,,,,
"US1UTUT0032","OREM 1.4 ESE, UT US","2022-02-21",,,"0.07",,,,,,,,
"US1UTUT0032","OREM 1.4 ESE, UT US","2022-02-22",,,"0.30",,,,,,,,
"US1UTUT0032","OREM 1.4 ESE, UT US","2022-02-23",,,"0.00",,,,,,,,
"US1UTUT0032","OREM 1.4 ESE, UT US","2022-02-24",,,"0.00","0.0",,,,,,,
"US1UTUT0032","OREM 1.4 ESE, UT US","2022-02-25",,,"0.00","0.0",,,,,,,
"US1UTUT0032","OREM 1.4 ESE, UT US","2022-02-26",,,"0.00","0.0",,,,,,,
"US1UTUT0032","OREM 1.4 ESE, UT US","2022-02-27",,,"0.00","0.0",,,,,,,
"US1UTUT0032","OREM 1.4 ESE, UT US","2022-02-28",,,"0.00","0.0",,,,,,,
"US1UTUT0032","OREM 1.4 ESE, UT US","2022-03-01",,,"0.00","0.0",,,,,,,
"US1UTUT0032","OREM 1.4 ESE, UT US","2022-03-02",,,"0.00","0.0",,,,,,,
"US1UTUT0032","OREM 1.4 ESE, UT US","2022-03-03",,,"0.00","0.0",,,,,,,
"US1UTUT0032","OREM 1.4 ESE, UT US","2022-03-04",,,"0.00","0.0",,,,,,,
"US1UTUT0032","OREM 1.4 ESE, UT US","2022-03-06",,,"0.45",,,,,,,,
"US1UTUT0032","OREM 1.4 ESE, UT US","2022-03-09",,,"0.16",,,,,,,,
"US1UTUT0032","OREM 1.4 ESE, UT US","2022-03-10",,,"0.01",,,,,,,,
"US1UTUT0032","OREM 1.4 ESE, UT US","2022-03-11",,,"0.00","0.0",,,,,,,
"US1UTUT0032","OREM 1.4 ESE, UT US","2022-03-12",,,"0.00","0.0",,,,,,,
"US1UTUT0032","OREM 1.4 ESE, UT US","2022-03-13",,,"0.00","0.0",,,,,,,
"US1UTUT0032","OREM 1.4 ESE, UT US","2022-03-14",,,"0.02",,,,,,,,
"US1UTUT0032","OREM 1.4 ESE, UT US","2022-03-16",,,"0.09",,,,,,,,
"US1UTUT0032","OREM 1.4 ESE, UT US","2022-03-17",,,"0.00","0.0",,,,,,,
"US1UTUT0032","OREM 1.4 ESE, UT US","2022-03-18",,,"0.00","0.0",,,,,,,
"US1UTUT0032","OREM 1.4 ESE, UT US","2022-03-19",,,"0.00","0.0",,,,,,,
"US1UTUT0032","OREM 1.4 ESE, UT US","2022-03-21",,,"0.00","0.0",,,,,,,
"US1UTUT0032","OREM 1.4 ESE, UT US","2022-03-22",,,"0.00","0.0",,,,,,,
"US1UTUT0032","OREM 1.4 ESE, UT US","2022-03-23",,,"0.00","0.0",,,,,,,
"US1UTUT0032","OREM 1.4 ESE, UT US","2022-03-24",,,"0.00","0.0",,,,,,,
"US1UTUT0032","OREM 1.4 ESE, UT US","2022-03-25",,,"0.00","0.0",,,,,,,
"US1UTUT0032","OREM 1.4 ESE, UT US","2022-03-26",,,"0.00","0.0",,,,,,,
"US1UTUT0032","OREM 1.4 ESE, UT US","2022-03-27",,,"0.00","0.0",,,,,,,
"US1UTUT0032","OREM 1.4 ESE, UT US","2022-03-28",,,"0.00","0.0",,,,,,,
"US1UTUT0032","OREM 1.4 ESE, UT US","2022-03-29",,,"0.03",,,,,,,,
"US1UTUT0032","OREM 1.4 ESE, UT US","2022-03-30",,,"0.10",,,,,,,,
"US1UTUT0032","OREM 1.4 ESE, UT US","2022-03-31",,,"0.00","0.0",,,,,,,
"US1UTUT0032","OREM 1.4 ESE, UT US","2022-04-02",,,"0.00","0.0",,,,,,,
"US1UTUT0032","OREM 1.4 ESE, UT US","2022-04-03",,,"0.00","0.0",,,,,,,
"USS0011J70S","CASCADE MOUNTAIN, UT US","2022-01-01",,,"0.10",,"33.0","7","12","1","6","6.3",
"USS0011J70S","CASCADE MOUNTAIN, UT US","2022-01-02",,,"0.00",,"31.0","23","34","6","31","6.3",
"USS0011J70S","CASCADE MOUNTAIN, UT US","2022-01-03",,,"0.00",,"31.0","34","40","29","32","6.3",
"USS0011J70S","CASCADE MOUNTAIN, UT US","2022-01-04",,,"0.10",,"32.0","31","33","29","31","6.4",
"USS0011J70S","CASCADE MOUNTAIN, UT US","2022-01-05",,,"0.70",,"38.0","32","35","29","34","7.3",
"USS0011J70S","CASCADE MOUNTAIN, UT US","2022-01-06",,,"0.00",,"35.0","36","41","34","39","7.3",
"USS0011J70S","CASCADE MOUNTAIN, UT US","2022-01-07",,,"0.00",,"34.0","40","45","34","35","7.3",
"USS0011J70S","CASCADE MOUNTAIN, UT US","2022-01-08",,,"0.10",,"35.0","26","35","21","22","7.4",
"USS0011J70S","CASCADE MOUNTAIN, UT US","2022-01-09",,,"0.00",,"33.0","26","32","20","32","7.4",
"USS0011J70S","CASCADE MOUNTAIN, UT US","2022-01-10",,,"0.00",,"32.0","38","49","32","35","7.4",
"USS0011J70S","CASCADE MOUNTAIN, UT US","2022-01-11",,,"0.00",,"31.0","32","42","27","33","7.4",
"USS0011J70S","CASCADE MOUNTAIN, UT US","2022-01-12",,,"0.00",,"30.0","38","47","31","40","7.4",
"USS0011J70S","CASCADE MOUNTAIN, UT US","2022-01-13",,,"0.00",,"30.0","43","51","32","34","7.4",
"USS0011J70S","CASCADE MOUNTAIN, UT US","2022-01-14",,,"0.00",,"30.0","28","34","23","25","7.4",
"USS0011J70S","CASCADE MOUNTAIN, UT US","2022-01-15",,,"0.00",,"29.0","33","40","23","37","7.4",
"USS0011J70S","CASCADE MOUNTAIN, UT US","2022-01-16",,,"0.00",,"29.0","39","46","35","38","7.4",
"USS0011J70S","CASCADE MOUNTAIN, UT US","2022-01-17",,,"0.00",,"29.0","40","48","34","36","7.4",
"USS0011J70S","CASCADE MOUNTAIN, UT US","2022-01-18",,,"0.00",,"29.0","33","40","27","27","7.4",
"USS0011J70S","CASCADE MOUNTAIN, UT US","2022-01-19",,,"0.00",,"29.0","27","31","21","21","7.4",
"USS0011J70S","CASCADE MOUNTAIN, UT US","2022-01-20",,,"0.10",,"30.0","25","31","19","26","7.5",
"USS0011J70S","CASCADE MOUNTAIN, UT US","2022-01-21",,,"0.00",,"30.0","27","32","22","23","7.5",
"USS0011J70S","CASCADE MOUNTAIN, UT US","2022-01-22",,,"0.00",,"30.0","26","35","22","24","7.5",
"USS0011J70S","CASCADE MOUNTAIN, UT US","2022-01-23",,,"0.00",,"29.0","26","33","22","25","7.5",
"USS0011J70S","CASCADE MOUNTAIN, UT US","2022-01-24",,,"0.00",,"28.0","29","37","24","28","7.5",
"USS0011J70S","CASCADE MOUNTAIN, UT US","2022-01-25",,,"0.10",,"29.0","24","28","19","19","7.6",
"USS0011J70S","CASCADE MOUNTAIN, UT US","2022-01-26",,,"0.00",,"29.0","22","29","17","22","7.6",
"USS0011J70S","CASCADE MOUNTAIN, UT US","2022-01-27",,,"0.00",,"29.0","22","28","17","22","7.6",
"USS0011J70S","CASCADE MOUNTAIN, UT US","2022-01-28",,,"0.00",,"29.0","29","38","21","33","7.6",
"USS0011J70S","CASCADE MOUNTAIN, UT US","2022-01-29",,,"0.00",,"29.0","37","46","33","34","7.6",
"USS0011J70S","CASCADE MOUNTAIN, UT US","2022-01-30",,,"0.00",,"29.0","35","44","30","33","7.6",
"USS0011J70S","CASCADE MOUNTAIN, UT US","2022-01-31",,,"0.00",,"29.0","31","41","18","18","7.6",
"USS0011J70S","CASCADE MOUNTAIN, UT US","2022-02-01",,,"0.00",,"29.0","15","22","10","11","7.6",
"USS0011J70S","CASCADE MOUNTAIN, UT US","2022-02-02",,,"0.10",,"30.0","11","19","7","7","7.7",
"USS0011J70S","CASCADE MOUNTAIN, UT US","2022-02-03",,,"0.00",,"30.0","11","19","4","11","7.7",
"USS0011J70S","CASCADE MOUNTAIN, UT US","2022-02-04",,,"0.00",,"29.0","21","28","11","25","7.7",
"USS0011J70S","CASCADE MOUNTAIN, UT US","2022-02-05",,,"0.00",,"29.0","28","36","23","25","7.7",
"USS0011J70S","CASCADE MOUNTAIN, UT US","2022-02-06",,,"0.00",,"29.0","25","31","20","23","7.7",
"USS0011J70S","CASCADE MOUNTAIN, UT US","2022-02-07",,,"0.00",,"29.0","31","41","22","33","7.7",
"USS0011J70S","CASCADE MOUNTAIN, UT US","2022-02-08",,,"0.00",,"29.0","34","40","31","31","7.7",
"USS0011J70S","CASCADE MOUNTAIN, UT US","2022-02-09",,,"0.00",,"29.0","32","38","29","30","7.7",
"USS0011J70S","CASCADE MOUNTAIN, UT US","2022-02-10",,,"0.00",,"29.0","33","40","26","33","7.7",
"USS0011J70S","CASCADE MOUNTAIN, UT US","2022-02-11",,,"0.00",,"29.0","35","43","29","29","7.7",
"USS0011J70S","CASCADE MOUNTAIN, UT US","2022-02-12",,,"0.00",,"29.0","33","42","27","32","7.7",
"USS0011J70S","CASCADE MOUNTAIN, UT US","2022-02-13",,,"0.00",,"28.0","40","47","32","39","7.7",
"USS0011J70S","CASCADE MOUNTAIN, UT US","2022-02-14",,,"0.00",,"29.0","41","46","35","38","7.7",
"USS0011J70S","CASCADE MOUNTAIN, UT US","2022-02-15",,,"0.00",,"29.0","37","45","27","27","7.7",
"USS0011J70S","CASCADE MOUNTAIN, UT US","2022-02-16",,,"0.20",,"31.0","22","28","19","19","7.9",
"USS0011J70S","CASCADE MOUNTAIN, UT US","2022-02-17",,,"0.00",,"30.0","22","28","17","25","7.9",
"USS0011J70S","CASCADE MOUNTAIN, UT US","2022-02-18",,,"0.00",,"30.0","29","35","22","30","7.9",
"USS0011J70S","CASCADE MOUNTAIN, UT US","2022-02-19",,,"0.00",,"30.0","35","42","27","38","7.9",
"USS0011J70S","CASCADE MOUNTAIN, UT US","2022-02-20",,,"0.00",,"30.0","38","42","34","36","7.9",
"USS0011J70S","CASCADE MOUNTAIN, UT US","2022-02-21",,,"0.30",,"33.0","24","36","15","15","8.2",
"USS0011J70S","CASCADE MOUNTAIN, UT US","2022-02-22",,,"0.30",,"38.0","21","29","14","23","8.6",
"USS0011J70S","CASCADE MOUNTAIN, UT US","2022-02-23",,,"0.10",,"38.0","16","24","8","9","8.7",
"USS0011J70S","CASCADE MOUNTAIN, UT US","2022-02-24",,,"0.00",,"38.0","12","19","6","14","8.7",
"USS0011J70S","CASCADE MOUNTAIN, UT US","2022-02-25",,,"0.10",,"38.0","12","19","8","8","8.8",
"USS0011J70S","CASCADE MOUNTAIN, UT US","2022-02-26",,,"0.00",,"37.0","15","23","7","20","8.8",
"USS0011J70S","CASCADE MOUNTAIN, UT US","2022-02-27",,,"0.00",,"37.0","30","41","18","31","8.8",
"USS0011J70S","CASCADE MOUNTAIN, UT US","2022-02-28",,,"0.00",,"35.0","37","49","29","37","8.8",
"USS0011J70S","CASCADE MOUNTAIN, UT US","2022-03-01",,,"0.00",,"33.0","45","52","37","45","8.8",
"USS0011J70S","CASCADE MOUNTAIN, UT US","2022-03-02",,,"0.00",,"33.0","48","56","42","47","8.8",
"USS0011J70S","CASCADE MOUNTAIN, UT US","2022-03-03",,,"0.00",,"32.0","49","56","44","47","8.8",
"USS0011J70S","CASCADE MOUNTAIN, UT US","2022-03-04",,,"0.20",,"33.0","40","47","30","30","9.1",
"USS0011J70S","CASCADE MOUNTAIN, UT US","2022-03-05",,,"0.50",,"38.0","29","37","22","22","9.8",
"USS0011J70S","CASCADE MOUNTAIN, UT US","2022-03-06",,,"0.10",,"39.0","21","27","15","17","10.0",
"USS0011J70S","CASCADE MOUNTAIN, UT US","2022-03-07",,,"0.00",,"38.0","18","26","14","16","10.0",
"USS0011J70S","CASCADE MOUNTAIN, UT US","2022-03-08",,,"0.30",,"43.0","22","26","16","26","10.5",
"USS0011J70S","CASCADE MOUNTAIN, UT US","2022-03-09",,,"0.30",,"44.0","22","26","16","16","10.9",
"USS0011J70S","CASCADE MOUNTAIN, UT US","2022-03-10",,,"0.00",,"43.0","15","23","11","11","10.9",
"USS0011J70S","CASCADE MOUNTAIN, UT US","2022-03-11",,,"0.00",,"42.0","21","29","9","25","10.9",
"USS0011J70S","CASCADE MOUNTAIN, UT US","2022-03-12",,,"0.10",,"41.0","35","44","24","37","11.0",
"USS0011J70S","CASCADE MOUNTAIN, UT US","2022-03-13",,,"0.10",,"42.0","33","41","24","24","11.1",
"USS0011J70S","CASCADE MOUNTAIN, UT US","2022-03-14",,,"0.00",,"40.0","31","39","23","35","11.1",
"USS0011J70S","CASCADE MOUNTAIN, UT US","2022-03-15",,,"0.00",,"38.0","41","51","33","34","11.1",
"USS0011J70S","CASCADE MOUNTAIN, UT US","2022-03-16",,,"0.00",,"38.0","32","40","24","27","11.1",
"USS0011J70S","CASCADE MOUNTAIN, UT US","2022-03-17",,,"0.00",,"38.0","30","37","22","32","11.1",
"USS0011J70S","CASCADE MOUNTAIN, UT US","2022-03-18",,,"0.00",,"38.0","36","44","30","34","11.1",
"USS0011J70S","CASCADE MOUNTAIN, UT US","2022-03-19",,,"0.00",,"36.0","41","49","33","41","11.1",
"USS0011J70S","CASCADE MOUNTAIN, UT US","2022-03-20",,,"0.50",,"41.0","32","43","21","24","11.6",
"USS0011J70S","CASCADE MOUNTAIN, UT US","2022-03-21",,,"0.10",,"40.0","27","36","19","25","11.8",
"USS0011J70S","CASCADE MOUNTAIN, UT US","2022-03-22",,,"0.00",,"39.0","31","39","23","29","11.8",
"USS0011J70S","CASCADE MOUNTAIN, UT US","2022-03-23",,,"0.00",,"38.0","37","45","28","39","11.7",
"USS0011J70S","CASCADE MOUNTAIN, UT US","2022-03-24",,,"0.00",,"36.0","46","54","37","46","11.6",
"USS0011J70S","CASCADE MOUNTAIN, UT US","2022-03-25",,,"0.00",,"35.0","52","58","44","53","11.3",
"USS0011J70S","CASCADE MOUNTAIN, UT US","2022-03-26",,,"0.00",,"32.0","55","61","49","54","10.5",
"USS0011J70S","CASCADE MOUNTAIN, UT US","2022-03-27",,,"0.00",,"30.0","54","62","48","51","9.8",
"USS0011J70S","CASCADE MOUNTAIN, UT US","2022-03-28",,,"0.00",,"29.0","46","53","37","37","9.5",
"USS0011J70S","CASCADE MOUNTAIN, UT US","2022-03-29",,,"0.20",,"29.0","36","41","34","35","9.6",
"USS0011J70S","CASCADE MOUNTAIN, UT US","2022-03-30",,,"0.00",,"28.0","38","46","33","37","9.2",
"USS0011J70S","CASCADE MOUNTAIN, UT US","2022-03-31",,,"0.10",,"29.0","35","40","31","31","9.3",
"USS0011J70S","CASCADE MOUNTAIN, UT US","2022-04-01",,,"0.00",,"28.0","37","45","29","40","9.0",
"USS0011J70S","CASCADE MOUNTAIN, UT US","2022-04-02",,,"0.00",,"26.0","45","53","38","39","8.5",
"USS0011J70S","CASCADE MOUNTAIN, UT US","2022-04-03",,,"0.00",,"24.0","41","47","32","40","7.9",
"USS0011J21S","TIMPANOGOS DIVIDE, UT US","2022-01-01",,,"0.00",,"40.0","3","17","-3","0","9.8",
"USS0011J21S","TIMPANOGOS DIVIDE, UT US","2022-01-02",,,"0.00",,"39.0","19","35","-1","23","9.8",
"USS0011J21S","TIMPANOGOS DIVIDE, UT US","2022-01-03",,,"0.00",,"36.0","30","43","21","29","9.8",
"USS0011J21S","TIMPANOGOS DIVIDE, UT US","2022-01-04",,,"0.10",,"36.0","29","33","25","30","9.9",
"USS0011J21S","TIMPANOGOS DIVIDE, UT US","2022-01-05",,,"0.70",,"39.0","32","37","25","37","11.0",
"USS0011J21S","TIMPANOGOS DIVIDE, UT US","2022-01-06",,,"0.20",,"37.0","35","41","30","34","11.0",
"USS0011J21S","TIMPANOGOS DIVIDE, UT US","2022-01-07",,,"0.00",,"36.0","37","44","31","32","11.0",
"USS0011J21S","TIMPANOGOS DIVIDE, UT US","2022-01-08",,,"0.20",,"37.0","24","35","16","16","11.2",
"USS0011J21S","TIMPANOGOS DIVIDE, UT US","2022-01-09",,,"0.00",,"37.0","23","36","12","26","11.2",
"USS0011J21S","TIMPANOGOS DIVIDE, UT US","2022-01-10",,,"0.00",,"37.0","33","49","26","28","11.2",
"USS0011J21S","TIMPANOGOS DIVIDE, UT US","2022-01-11",,,"0.00",,"36.0","28","43","22","27","11.2",
"USS0011J21S","TIMPANOGOS DIVIDE, UT US","2022-01-12",,,"0.00",,"35.0","33","48","24","34","11.2",
"USS0011J21S","TIMPANOGOS DIVIDE, UT US","2022-01-13",,,"0.00",,"35.0","40","53","31","33","11.2",
"USS0011J21S","TIMPANOGOS DIVIDE, UT US","2022-01-14",,,"0.00",,"35.0","29","38","21","21","11.2",
"USS0011J21S","TIMPANOGOS DIVIDE, UT US","2022-01-15",,,"0.00",,"34.0","30","48","19","30","11.2",
"USS0011J21S","TIMPANOGOS DIVIDE, UT US","2022-01-16",,,"0.00",,"34.0","35","52","29","31","11.2",
"USS0011J21S","TIMPANOGOS DIVIDE, UT US","2022-01-17",,,"0.00",,"34.0","35","48","29","32","11.2",
"USS0011J21S","TIMPANOGOS DIVIDE, UT US","2022-01-18",,,"0.00",,"34.0","30","40","22","22","11.2",
"USS0011J21S","TIMPANOGOS DIVIDE, UT US","2022-01-19",,,"0.00",,"33.0","23","35","17","17","11.2",
"USS0011J21S","TIMPANOGOS DIVIDE, UT US","2022-01-20",,,"0.10",,"34.0","21","32","12","24","11.3",
"USS0011J21S","TIMPANOGOS DIVIDE, UT US","2022-01-21",,,"0.00",,"34.0","25","38","16","16","11.3",
"USS0011J21S","TIMPANOGOS DIVIDE, UT US","2022-01-22",,,"0.00",,"34.0","22","36","13","21","11.3",
"USS0011J21S","TIMPANOGOS DIVIDE, UT US","2022-01-23",,,"0.00",,"33.0","25","38","18","19","11.3",
"USS0011J21S","TIMPANOGOS DIVIDE, UT US","2022-01-24",,,"0.10",,"33.0","26","36","18","26","11.4",
"USS0011J21S","TIMPANOGOS DIVIDE, UT US","2022-01-25",,,"0.00",,"33.0","21","31","11","12","11.4",
"USS0011J21S","TIMPANOGOS DIVIDE, UT US","2022-01-26",,,"0.00",,"33.0","18","31","8","13","11.4",
"USS0011J21S","TIMPANOGOS DIVIDE, UT US","2022-01-27",,,"0.00",,"33.0","19","33","12","14","11.4",
"USS0011J21S","TIMPANOGOS DIVIDE, UT US","2022-01-28",,,"0.00",,"33.0","26","40","13","28","11.4",
"USS0011J21S","TIMPANOGOS DIVIDE, UT US","2022-01-29",,,"0.00",,"33.0","33","46","26","30","11.4",
"USS0011J21S","TIMPANOGOS DIVIDE, UT US","2022-01-30",,,"0.00",,"33.0","32","47","24","25","11.4",
"USS0011J21S","TIMPANOGOS DIVIDE, UT US","2022-01-31",,,"0.00",,"33.0","30","40","17","17","11.4",
"USS0011J21S","TIMPANOGOS DIVIDE, UT US","2022-02-01",,,"0.00",,"33.0","11","23","3","5","11.4",
"USS0011J21S","TIMPANOGOS DIVIDE, UT US","2022-02-02",,,"0.00",,"33.0","8","23","1","2","11.4",
"USS0011J21S","TIMPANOGOS DIVIDE, UT US","2022-02-03",,,"0.00",,"33.0","9","24","-2","12","11.4",
"USS0011J21S","TIMPANOGOS DIVIDE, UT US","2022-02-04",,,"0.00",,"33.0","20","35","10","21","11.4",
"USS0011J21S","TIMPANOGOS DIVIDE, UT US","2022-02-05",,,"0.00",,"33.0","26","37","17","19","11.4",
"USS0011J21S","TIMPANOGOS DIVIDE, UT US","2022-02-06",,,"0.00",,"33.0","24","33","17","21","11.4",
"USS0011J21S","TIMPANOGOS DIVIDE, UT US","2022-02-07",,,"0.00",,"33.0","28","45","17","29","11.4",
"USS0011J21S","TIMPANOGOS DIVIDE, UT US","2022-02-08",,,"0.00",,"33.0","31","42","24","25","11.4",
"USS0011J21S","TIMPANOGOS DIVIDE, UT US","2022-02-09",,,"0.00",,"33.0","31","43","24","27","11.4",
"USS0011J21S","TIMPANOGOS DIVIDE, UT US","2022-02-10",,,"0.00",,"32.0","33","45","24","34","11.4",
"USS0011J21S","TIMPANOGOS DIVIDE, UT US","2022-02-11",,,"0.00",,"32.0","34","47","24","26","11.4",
"USS0011J21S","TIMPANOGOS DIVIDE, UT US","2022-02-12",,,"0.00",,"32.0","30","43","22","27","11.4",
"USS0011J21S","TIMPANOGOS DIVIDE, UT US","2022-02-13",,,"0.00",,"32.0","35","50","26","30","11.4",
"USS0011J21S","TIMPANOGOS DIVIDE, UT US","2022-02-14",,,"0.00",,"32.0","38","49","29","39","11.4",
"USS0011J21S","TIMPANOGOS DIVIDE, UT US","2022-02-15",,,"0.00",,"32.0","35","44","26","27","11.4",
"USS0011J21S","TIMPANOGOS DIVIDE, UT US","2022-02-16",,,"0.00",,"32.0","22","27","16","18","11.4",
"USS0011J21S","TIMPANOGOS DIVIDE, UT US","2022-02-17",,,"0.00",,"32.0","21","30","11","19","11.4",
"USS0011J21S","TIMPANOGOS DIVIDE, UT US","2022-02-18",,,"0.00",,"32.0","25","39","15","23","11.4",
"USS0011J21S","TIMPANOGOS DIVIDE, UT US","2022-02-19",,,"0.00",,"32.0","31","43","21","35","11.4",
"USS0011J21S","TIMPANOGOS DIVIDE, UT US","2022-02-20",,,"0.00",,"32.0","36","43","28","33","11.4",
"USS0011J21S","TIMPANOGOS DIVIDE, UT US","2022-02-21",,,"0.40",,"36.0","22","33","9","9","11.8",
"USS0011J21S","TIMPANOGOS DIVIDE, UT US","2022-02-22",,,"0.30",,"40.0","15","31","7","8","12.1",
"USS0011J21S","TIMPANOGOS DIVIDE, UT US","2022-02-23",,,"0.20",,"42.0","5","14","-3","0","12.3",
"USS0011J21S","TIMPANOGOS DIVIDE, UT US","2022-02-24",,,"0.10",,"41.0","8","17","-4","9","12.4",
"USS0011J21S","TIMPANOGOS DIVIDE, UT US","2022-02-25",,,"0.00",,"39.0","9","22","0","1","12.4",
"USS0011J21S","TIMPANOGOS DIVIDE, UT US","2022-02-26",,,"0.00",,"39.0","13","31","-2","15","12.4",
"USS0011J21S","TIMPANOGOS DIVIDE, UT US","2022-02-27",,,"0.00",,"38.0","28","44","13","25","12.4",
"USS0011J21S","TIMPANOGOS DIVIDE, UT US","2022-02-28",,,"0.00",,"37.0","33","48","22","32","12.4",
"USS0011J21S","TIMPANOGOS DIVIDE, UT US","2022-03-01",,,"0.00",,"36.0","41","57","29","38","12.4",
"USS0011J21S","TIMPANOGOS DIVIDE, UT US","2022-03-02",,,"0.00",,"34.0","44","59","35","40","12.4",
"USS0011J21S","TIMPANOGOS DIVIDE, UT US","2022-03-03",,,"0.00",,"33.0","44","55","37","41","12.4",
"USS0011J21S","TIMPANOGOS DIVIDE, UT US","2022-03-04",,,"0.10",,"33.0","38","48","29","29","12.4",
"USS0011J21S","TIMPANOGOS DIVIDE, UT US","2022-03-05",,,"0.60",,"38.0","28","36","21","21","12.9",
"USS0011J21S","TIMPANOGOS DIVIDE, UT US","2022-03-06",,,"0.00",,"37.0","19","32","9","10","12.9",
"USS0011J21S","TIMPANOGOS DIVIDE, UT US","2022-03-07",,,"0.00",,"38.0","15","33","8","12","12.9",
"USS0011J21S","TIMPANOGOS DIVIDE, UT US","2022-03-08",,,"0.30",,"42.0","20","28","11","23","13.2",
"USS0011J21S","TIMPANOGOS DIVIDE, UT US","2022-03-09",,,"0.30",,"45.0","21","28","13","14","13.5",
"USS0011J21S","TIMPANOGOS DIVIDE, UT US","2022-03-10",,,"0.00",,"44.0","12","25","4","5","13.5",
"USS0011J21S","TIMPANOGOS DIVIDE, UT US","2022-03-11",,,"0.00",,"42.0","19","32","3","21","13.5",
"USS0011J21S","TIMPANOGOS DIVIDE, UT US","2022-03-12",,,"0.00",,"41.0","31","46","18","33","13.5",
"USS0011J21S","TIMPANOGOS DIVIDE, UT US","2022-03-13",,,"0.20",,"42.0","32","39","22","23","13.6",
"USS0011J21S","TIMPANOGOS DIVIDE, UT US","2022-03-14",,,"0.00",,"40.0","29","43","18","27","13.6",
"USS0011J21S","TIMPANOGOS DIVIDE, UT US","2022-03-15",,,"0.20",,"40.0","37","53","27","32","13.8",
"USS0011J21S","TIMPANOGOS DIVIDE, UT US","2022-03-16",,,"0.00",,"39.0","31","42","23","25","13.8",
"USS0011J21S","TIMPANOGOS DIVIDE, UT US","2022-03-17",,,"0.00",,"39.0","28","42","18","24","13.8",
"USS0011J21S","TIMPANOGOS DIVIDE, UT US","2022-03-18",,,"0.00",,"38.0","32","44","24","29","13.8",
"USS0011J21S","TIMPANOGOS DIVIDE, UT US","2022-03-19",,,"0.00",,"38.0","37","51","25","37","13.7",
"USS0011J21S","TIMPANOGOS DIVIDE, UT US","2022-03-20",,,"0.30",,"40.0","31","40","18","19","14.0",
"USS0011J21S","TIMPANOGOS DIVIDE, UT US","2022-03-21",,,"0.00",,"39.0","26","41","15","22","14.0",
"USS0011J21S","TIMPANOGOS DIVIDE, UT US","2022-03-22",,,"0.00",,"39.0","30","43","20","23","14.0",
"USS0011J21S","TIMPANOGOS DIVIDE, UT US","2022-03-23",,,"0.00",,"38.0","34","50","22","32","14.0",
"USS0011J21S","TIMPANOGOS DIVIDE, UT US","2022-03-24",,,"0.00",,"36.0","43","54","32","40","14.0",
"USS0011J21S","TIMPANOGOS DIVIDE, UT US","2022-03-25",,,"0.00",,"33.0","48","60","37","52","13.7",
"USS0011J21S","TIMPANOGOS DIVIDE, UT US","2022-03-26",,,"0.00",,"32.0","52","62","42","52","13.1",
"USS0011J21S","TIMPANOGOS DIVIDE, UT US","2022-03-27",,,"0.00",,"29.0","52","61","47","49","12.5",
"USS0011J21S","TIMPANOGOS DIVIDE, UT US","2022-03-28",,,"0.10",,"28.0","43","51","34","34","12.4",
"USS0011J21S","TIMPANOGOS DIVIDE, UT US","2022-03-29",,,"0.50",,"30.0","34","43","31","31","12.8",
"USS0011J21S","TIMPANOGOS DIVIDE, UT US","2022-03-30",,,"0.00",,"29.0","37","47","29","33","12.6",
"USS0011J21S","TIMPANOGOS DIVIDE, UT US","2022-03-31",,,"0.10",,"30.0","33","39","27","30","12.7",
"USS0011J21S","TIMPANOGOS DIVIDE, UT US","2022-04-01",,,"0.00",,"28.0","35","44","26","33","12.6",
"USS0011J21S","TIMPANOGOS DIVIDE, UT US","2022-04-02",,,"0.00",,"26.0","42","51","32","37","12.0",
"USS0011J21S","TIMPANOGOS DIVIDE, UT US","2022-04-03",,,"0.00",,"25.0","38","51","30","33","11.7",
"USC00427064","PROVO BYU, UT US","2022-01-01",,,"0.02","0.3","3.0",,"28","13","19",,
"USC00427064","PROVO BYU, UT US","2022-01-02",,,"0.00","0.0","2.0",,"25","7","17",,
"USC00427064","PROVO BYU, UT US","2022-01-03",,,"0.00","0.0","2.0",,"38","13","33",,
"USC00427064","PROVO BYU, UT US","2022-01-04",,,"0.00","0.0","1.0",,"44","30","35",,
"USC00427064","PROVO BYU, UT US","2022-01-05",,,"0.13","0.0","1.0",,"43","31","43",,
"USC00427064","PROVO BYU, UT US","2022-01-06",,,"0.01","0.0","0.0",,"54","38","49",,
"USC00427064","PROVO BYU, UT US","2022-01-07",,,"0.00","0.0","0.0",,"60","31","53",,
"USC00427064","PROVO BYU, UT US","2022-01-08",,,"0.02","0.0","0.0",,"60","31","40",,
"USC00427064","PROVO BYU, UT US","2022-01-09",,,"0.00","0.0","0.0",,"41","21","35",,
"USC00427064","PROVO BYU, UT US","2022-01-10",,,"0.00","0.0","0.0",,"43","20","37",,
"USC00427064","PROVO BYU, UT US","2022-01-11",,,"0.00","0.0","0.0",,"41","21","36",,
"USC00427064","PROVO BYU, UT US","2022-01-12",,,"0.00","0.0","0.0",,"45","23","41",,
"USC00427064","PROVO BYU, UT US","2022-01-13",,,"0.00","0.0","0.0",,"45","25","42",,
"USC00427064","PROVO BYU, UT US","2022-01-14",,,"0.00","0.0","0.0",,"43","27","39",,
"USC00427064","PROVO BYU, UT US","2022-01-15",,,"0.00","0.0","0.0",,"43","22","40",,
"USC00427064","PROVO BYU, UT US","2022-01-16",,,"0.00","0.0","0.0",,"44","19","38",,
"USC00427064","PROVO BYU, UT US","2022-01-17",,,"0.00","0.0","0.0",,"43","20","38",,
"USC00427064","PROVO BYU, UT US","2022-01-18",,,"0.00","0.0","0.0",,"44","27","40",,
"USC00427064","PROVO BYU, UT US","2022-01-19",,,"0.00","0.0","0.0",,"43","26","37",,
"USC00427064","PROVO BYU, UT US","2022-01-20",,,"0.00","0.0","0.0",,"42","24","38",,
"USC00427064","PROVO BYU, UT US","2022-01-21",,,"0.01","0.2","0.0",,"43","30","40",,
"USC00427064","PROVO BYU, UT US","2022-01-22",,,"0.00","0.0","0.0",,"41","23","34",,
"USC00427064","PROVO BYU, UT US","2022-01-23",,,"0.00","0.0","0.0",,"40","20","36",,
"USC00427064","PROVO BYU, UT US","2022-01-24",,,"0.00","0.0","0.0",,"45","21","37",,
"USC00427064","PROVO BYU, UT US","2022-01-25",,,"0.02","0.1","0.0",,"39","31","36",,
"USC00427064","PROVO BYU, UT US","2022-01-26",,,"0.00","0.0","0.0",,"41","20","37",,
"USC00427064","PROVO BYU, UT US","2022-01-27",,,"0.00","0.0","0.0",,"40","19","35",,
"USC00427064","PROVO BYU, UT US","2022-01-28",,,"0.00","0.0","0.0",,"42","16","37",,
"USC00427064","PROVO BYU, UT US","2022-01-29",,,"0.00","0.0","0.0",,"44","17","40",,
"USC00427064","PROVO BYU, UT US","2022-01-30",,,"0.00","0.0","0.0",,"44","18","27",,
"USC00427064","PROVO BYU, UT US","2022-01-31",,,"0.00","0.0","0.0",,"51","22","40",,
"USC00427064","PROVO BYU, UT US","2022-02-01",,,"0.00","0.0","0.0",,"40","19","29",,
"USC00427064","PROVO BYU, UT US","2022-02-02",,,"0.05","1.6","2.0",,"31","18","26",,
"USC00427064","PROVO BYU, UT US","2022-02-03",,,"0.00","0.0","0.0",,"31","13","27",,
"USC00427064","PROVO BYU, UT US","2022-02-04",,,"0.00","0.0","0.0",,"38","13","35",,
"USC00427064","PROVO BYU, UT US","2022-02-05",,,"0.00","0.0","0.0",,"45","17","42",,
"USC00427064","PROVO BYU, UT US","2022-02-06",,,"0.00","0.0","0.0",,"43","21","40",,
"USC00427064","PROVO BYU, UT US","2022-02-07",,,"0.00","0.0","0.0",,"48","20","45",,
"USC00427064","PROVO BYU, UT US","2022-02-08",,,"0.00","0.0","0.0",,"50","23","47",,
"USC00427064","PROVO BYU, UT US","2022-02-09",,,"0.00","0.0","0.0",,"50","28","46",,
"USC00427064","PROVO BYU, UT US","2022-02-10",,,"0.00","0.0","0.0",,"52","27","49",,
"USC00427064","PROVO BYU, UT US","2022-02-11",,,"0.00","0.0","0.0",,"56","28","52",,
"USC00427064","PROVO BYU, UT US","2022-02-12",,,"0.00","0.0","0.0",,"53","25","49",,
"USC00427064","PROVO BYU, UT US","2022-02-13",,,"0.00","0.0","0.0",,"59","25","45",,
"USC00427064","PROVO BYU, UT US","2022-02-14",,,"0.00","0.0","0.0",,"61","27","56",,
"USC00427064","PROVO BYU, UT US","2022-02-15",,,"0.00","0.0","0.0",,"57","33","45",,
"USC00427064","PROVO BYU, UT US","2022-02-16",,,"0.00","0.0","0.0",,"45","31","33",,
"USC00427064","PROVO BYU, UT US","2022-02-17",,,"0.00","0.0","0.0",,"42","23","39",,
"USC00427064","PROVO BYU, UT US","2022-02-18",,,"0.00","0.0","0.0",,"49","23","47",,
"USC00427064","PROVO BYU, UT US","2022-02-19",,,"0.00","0.0","0.0",,"57","25","53",,
"USC00427064","PROVO BYU, UT US","2022-02-20",,,"0.00","0.0","0.0",,"59","28","53",,
"USC00427064","PROVO BYU, UT US","2022-02-21",,,"0.34","3.9","4.0",,"53","28","28",,
"USC00427064","PROVO BYU, UT US","2022-02-22",,,"0.11","1.1","5.0",,"37","22","30",,
"USC00427064","PROVO BYU, UT US","2022-02-23",,,"0.18","1.8","3.0",,"30","19","22",,
"USC00427064","PROVO BYU, UT US","2022-02-24",,,"0.10","2.6","6.0",,"29","16","26",,
"USC00427064","PROVO BYU, UT US","2022-02-25",,,"0.00","0.0","2.0",,"32","18","29",,
"USC00427064","PROVO BYU, UT US","2022-02-26",,,"0.00","0.0","2.0",,"32","11","29",,
"USC00427064","PROVO BYU, UT US","2022-02-27",,,"0.00","0.0","2.0",,"39","15","34",,
"USC00427064","PROVO BYU, UT US","2022-02-28",,,"0.00","0.0","1.0",,"48","20","33",,
"USC00427064","PROVO BYU, UT US","2022-03-01",,,"0.00","0.0","0.0",,"56","26","54",,
"USC00427064","PROVO BYU, UT US","2022-03-02",,,"0.00","0.0","0.0",,"67","32","66",,
"USC00427064","PROVO BYU, UT US","2022-03-03",,,"0.00","0.0","0.0",,"70","35","68",,
"USC00427064","PROVO BYU, UT US","2022-03-04",,,"0.00","0.0","0.0",,"68","45","55",,
"USC00427064","PROVO BYU, UT US","2022-03-05",,,"0.21","0.7","1.0",,"55","32","32",,
"USC00427064","PROVO BYU, UT US","2022-03-06",,,"0.19","2.0","3.0",,"37","29","34",,
"USC00427064","PROVO BYU, UT US","2022-03-07",,,"0.01","0.2","1.0",,"40","26","37",,
"USC00427064","PROVO BYU, UT US","2022-03-08",,,"0.00","0.0","0.0",,"39","27","36",,
"USC00427064","PROVO BYU, UT US","2022-03-09",,,"0.06","1.1","1.0",,"41","32","35",,
"USC00427064","PROVO BYU, UT US","2022-03-10",,,"0.00","0.0","0.0",,"35","23","32",,
"USC00427064","PROVO BYU, UT US","2022-03-11",,,"0.00","0.0","0.0",,"42","15","40",,
"USC00427064","PROVO BYU, UT US","2022-03-12",,,"0.00","0.0","0.0",,"56","26","55",,
"USC00427064","PROVO BYU, UT US","2022-03-13",,,"0.00","0.0","0.0",,"55","34","46",,
"USC00427064","PROVO BYU, UT US","2022-03-14",,,"0.00","0.0","0.0",,"52","30","51",,
"USC00427064","PROVO BYU, UT US","2022-03-15",,,"0.00","0.0","0.0",,"67","30","61",,
"USC00427064","PROVO BYU, UT US","2022-03-16",,,"0.05","0.0","0.0",,"61","40","51",,
"USC00427064","PROVO BYU, UT US","2022-03-17",,,"0.00","0.0","0.0",,"51","30","49",,
"USC00427064","PROVO BYU, UT US","2022-03-18",,,"0.00","0.0","0.0",,"58","33","56",,
"USC00427064","PROVO BYU, UT US","2022-03-19",,,"0.00","0.0","0.0",,"65","34","61",,
"USC00427064","PROVO BYU, UT US","2022-03-20",,,"0.15","0.0","0.0",,"61","37","37",,
"USC00427064","PROVO BYU, UT US","2022-03-21",,,"0.00","0.0","0.0",,"48","27","46",,
"USC00427064","PROVO BYU, UT US","2022-03-22",,,"0.00","0.0","0.0",,"55","29","53",,
"USC00427064","PROVO BYU, UT US","2022-03-23",,,"0.00","0.0","0.0",,"59","30","58",,
"USC00427064","PROVO BYU, UT US","2022-03-24",,,"0.00","0.0","0.0",,"70","35","68",,
"USC00427064","PROVO BYU, UT US","2022-03-25",,,"0.00","0.0","0.0",,"76","40","76",,
"USC00427064","PROVO BYU, UT US","2022-03-26",,,"0.00","0.0","0.0",,"80","47","60",,
"USC00427064","PROVO BYU, UT US","2022-03-27",,,"0.00","0.0","0.0",,"79","42","73",,
"USC00427064","PROVO BYU, UT US","2022-03-28",,,"0.00","0.0","0.0",,"73","54","58",,
"USC00427064","PROVO BYU, UT US","2022-03-29",,,"0.01","0.0","0.0",,"60","44","56",,
"USC00427064","PROVO BYU, UT US","2022-03-30",,,"0.04","0.0","0.0",,"61","44","59",,
"USC00427064","PROVO BYU, UT US","2022-03-31",,,"0.00","0.0","0.0",,"61","42","51",,
"USC00427064","PROVO BYU, UT US","2022-04-01",,,"0.00","0.0","0.0",,"61","32","60",,
"USC00427064","PROVO BYU, UT US","2022-04-02",,,"0.00","0.0","0.0",,"69","32","67",,
"USC00427064","PROVO BYU, UT US","2022-04-03",,,"0.00","0.0","0.0",,"67","40","60",,
"US1UTUT0024","AMERICAN FORK 1.1 ESE, UT US","2022-01-01",,,"0.00","0.0",,,,,,,
"US1UTUT0024","AMERICAN FORK 1.1 ESE, UT US","2022-01-02",,,"0.00","0.0",,,,,,,
"US1UTUT0024","AMERICAN FORK 1.1 ESE, UT US","2022-01-03",,,"0.00","0.0",,,,,,,
"US1UTUT0024","AMERICAN FORK 1.1 ESE, UT US","2022-01-04",,,"0.00","0.0",,,,,,,
"US1UTUT0024","AMERICAN FORK 1.1 ESE, UT US","2022-01-05",,,"0.00",,,,,,,,
"US1UTUT0024","AMERICAN FORK 1.1 ESE, UT US","2022-01-06",,,"0.29",,,,,,,,
"US1UTUT0024","AMERICAN FORK 1.1 ESE, UT US","2022-01-07",,,"0.00",,,,,,,,
"US1UTUT0024","AMERICAN FORK 1.1 ESE, UT US","2022-01-08",,,"0.02",,,,,,,,
"US1UTUT0024","AMERICAN FORK 1.1 ESE, UT US","2022-01-09",,,"0.00","0.0",,,,,,,
"US1UTUT0024","AMERICAN FORK 1.1 ESE, UT US","2022-01-10",,,"0.00","0.0",,,,,,,
"US1UTUT0024","AMERICAN FORK 1.1 ESE, UT US","2022-01-11",,,"0.00","0.0",,,,,,,
"US1UTUT0024","AMERICAN FORK 1.1 ESE, UT US","2022-01-12",,,"0.00","0.0",,,,,,,
"US1UTUT0024","AMERICAN FORK 1.1 ESE, UT US","2022-01-13",,,"0.00","0.0",,,,,,,
"US1UTUT0024","AMERICAN FORK 1.1 ESE, UT US","2022-01-14",,,"0.00","0.0",,,,,,,
"US1UTUT0024","AMERICAN FORK 1.1 ESE, UT US","2022-01-15",,,"0.00","0.0",,,,,,,
"US1UTUT0024","AMERICAN FORK 1.1 ESE, UT US","2022-01-16",,,"0.00","0.0",,,,,,,
"US1UTUT0024","AMERICAN FORK 1.1 ESE, UT US","2022-01-17",,,"0.00","0.0",,,,,,,
"US1UTUT0024","AMERICAN FORK 1.1 ESE, UT US","2022-01-18",,,"0.00","0.0",,,,,,,
"US1UTUT0024","AMERICAN FORK 1.1 ESE, UT US","2022-01-19",,,"0.00","0.0",,,,,,,
"US1UTUT0024","AMERICAN FORK 1.1 ESE, UT US","2022-01-20",,,"0.00","0.0",,,,,,,
"US1UTUT0024","AMERICAN FORK 1.1 ESE, UT US","2022-01-21",,,"0.02","0.3",,,,,,,"0.0"
"US1UTUT0024","AMERICAN FORK 1.1 ESE, UT US","2022-01-22",,,"0.00","0.0",,,,,,,
"US1UTUT0024","AMERICAN FORK 1.1 ESE, UT US","2022-01-23",,,"0.00","0.0",,,,,,,
"US1UTUT0024","AMERICAN FORK 1.1 ESE, UT US","2022-01-24",,,"0.00","0.0",,,,,,,
"US1UTUT0024","AMERICAN FORK 1.1 ESE, UT US","2022-01-25",,,"0.00","0.0",,,,,,,
"US1UTUT0024","AMERICAN FORK 1.1 ESE, UT US","2022-01-26",,,"0.00","0.0",,,,,,,
"US1UTUT0024","AMERICAN FORK 1.1 ESE, UT US","2022-01-27",,,"0.00","0.0",,,,,,,
"US1UTUT0024","AMERICAN FORK 1.1 ESE, UT US","2022-01-28",,,"0.00","0.0",,,,,,,
"US1UTUT0024","AMERICAN FORK 1.1 ESE, UT US","2022-01-29",,,"0.00","0.0",,,,,,,
"US1UTUT0024","AMERICAN FORK 1.1 ESE, UT US","2022-01-30",,,"0.00","0.0",,,,,,,
"US1UTUT0024","AMERICAN FORK 1.1 ESE, UT US","2022-01-31",,,"0.00","0.0",,,,,,,
"US1UTUT0024","AMERICAN FORK 1.1 ESE, UT US","2022-02-01",,,"0.00","0.0",,,,,,,
"US1UTUT0024","AMERICAN FORK 1.1 ESE, UT US","2022-02-02",,,"0.07","1.2",,,,,,,"0.1"
"US1UTUT0024","AMERICAN FORK 1.1 ESE, UT US","2022-02-03",,,"0.00",,,,,,,,
"US1UTUT0024","AMERICAN FORK 1.1 ESE, UT US","2022-02-04",,,"0.00","0.0",,,,,,,
"US1UTUT0024","AMERICAN FORK 1.1 ESE, UT US","2022-02-05",,,"0.00","0.0",,,,,,,
"US1UTUT0024","AMERICAN FORK 1.1 ESE, UT US","2022-02-06",,,"0.00","0.0",,,,,,,
"US1UTUT0024","AMERICAN FORK 1.1 ESE, UT US","2022-02-07",,,"0.00","0.0",,,,,,,
"US1UTUT0024","AMERICAN FORK 1.1 ESE, UT US","2022-02-08",,,"0.00","0.0",,,,,,,
"US1UTUT0024","AMERICAN FORK 1.1 ESE, UT US","2022-02-09",,,"0.00","0.0",,,,,,,
"US1UTUT0024","AMERICAN FORK 1.1 ESE, UT US","2022-02-10",,,"0.00","0.0",,,,,,,
"US1UTUT0024","AMERICAN FORK 1.1 ESE, UT US","2022-02-11",,,"0.00","0.0",,,,,,,
"US1UTUT0024","AMERICAN FORK 1.1 ESE, UT US","2022-02-12",,,"0.00","0.0",,,,,,,
"US1UTUT0024","AMERICAN FORK 1.1 ESE, UT US","2022-02-13",,,"0.00","0.0",,,,,,,
"US1UTUT0024","AMERICAN FORK 1.1 ESE, UT US","2022-02-14",,,"0.00","0.0",,,,,,,
"US1UTUT0024","AMERICAN FORK 1.1 ESE, UT US","2022-02-15",,,"0.00","0.0",,,,,,,
"US1UTUT0024","AMERICAN FORK 1.1 ESE, UT US","2022-02-16",,,"0.07",,,,,,,,
"US1UTUT0024","AMERICAN FORK 1.1 ESE, UT US","2022-02-17",,,"0.00","0.0",,,,,,,
"US1UTUT0024","AMERICAN FORK 1.1 ESE, UT US","2022-02-18",,,"0.00","0.0",,,,,,,
"US1UTUT0024","AMERICAN FORK 1.1 ESE, UT US","2022-02-19",,,"0.00","0.0",,,,,,,
"US1UTUT0024","AMERICAN FORK 1.1 ESE, UT US","2022-02-20",,,"0.00","0.0",,,,,,,
"US1UTUT0024","AMERICAN FORK 1.1 ESE, UT US","2022-02-21",,,"0.00","0.0",,,,,,,
"US1UTUT0024","AMERICAN FORK 1.1 ESE, UT US","2022-02-22",,,"0.02","0.5",,,,,,,
"US1UTUT0024","AMERICAN FORK 1.1 ESE, UT US","2022-02-23",,,"0.02","0.7",,,,,,,
"US1UTUT0024","AMERICAN FORK 1.1 ESE, UT US","2022-02-24",,,"0.04","1.1",,,,,,,
"US1UTUT0024","AMERICAN FORK 1.1 ESE, UT US","2022-02-25",,,"0.00",,,,,,,,
"US1UTUT0024","AMERICAN FORK 1.1 ESE, UT US","2022-02-26",,,"0.00","0.0",,,,,,,
"US1UTUT0024","AMERICAN FORK 1.1 ESE, UT US","2022-02-27",,,"0.00","0.0",,,,,,,
"US1UTUT0024","AMERICAN FORK 1.1 ESE, UT US","2022-02-28",,,"0.00","0.0",,,,,,,
"US1UTUT0024","AMERICAN FORK 1.1 ESE, UT US","2022-03-01",,,"0.00","0.0",,,,,,,
"US1UTUT0024","AMERICAN FORK 1.1 ESE, UT US","2022-03-02",,,"0.00","0.0",,,,,,,
"US1UTUT0024","AMERICAN FORK 1.1 ESE, UT US","2022-03-03",,,"0.00","0.0",,,,,,,
"US1UTUT0024","AMERICAN FORK 1.1 ESE, UT US","2022-03-04",,,"0.00","0.0",,,,,,,
"US1UTUT0024","AMERICAN FORK 1.1 ESE, UT US","2022-03-05",,,"0.03",,,,,,,,
"US1UTUT0024","AMERICAN FORK 1.1 ESE, UT US","2022-03-06",,,"0.42","2.0",,,,,,,
"US1UTUT0024","AMERICAN FORK 1.1 ESE, UT US","2022-03-07",,,"0.05",,,,,,,,
"US1UTUT0024","AMERICAN FORK 1.1 ESE, UT US","2022-03-08",,,"0.00","0.0",,,,,,,
"US1UTUT0024","AMERICAN FORK 1.1 ESE, UT US","2022-03-09",,,"0.25","3.0",,,,,,,
"US1UTUT0024","AMERICAN FORK 1.1 ESE, UT US","2022-03-10",,,"0.02","0.5",,,,,,,
"US1UTUT0024","AMERICAN FORK 1.1 ESE, UT US","2022-03-11",,,"0.00",,,,,,,,
"US1UTUT0024","AMERICAN FORK 1.1 ESE, UT US","2022-03-12",,,"0.00","0.0",,,,,,,
"US1UTUT0024","AMERICAN FORK 1.1 ESE, UT US","2022-03-13",,,"0.00","0.0",,,,,,,
"US1UTUT0024","AMERICAN FORK 1.1 ESE, UT US","2022-03-14",,,"0.08",,,,,,,,
"US1UTUT0024","AMERICAN FORK 1.1 ESE, UT US","2022-03-15",,,"0.00","0.0",,,,,,,
"US1UTUT0024","AMERICAN FORK 1.1 ESE, UT US","2022-03-16",,,"0.01",,,,,,,,
"US1UTUT0024","AMERICAN FORK 1.1 ESE, UT US","2022-03-17",,,"0.01",,,,,,,,
"US1UTUT0024","AMERICAN FORK 1.1 ESE, UT US","2022-03-18",,,"0.00","0.0",,,,,,,
"US1UTUT0024","AMERICAN FORK 1.1 ESE, UT US","2022-03-19",,,"0.00","0.0",,,,,,,
"US1UTUT0024","AMERICAN FORK 1.1 ESE, UT US","2022-03-20",,,"0.00","0.0",,,,,,,
"US1UTUT0024","AMERICAN FORK 1.1 ESE, UT US","2022-03-21",,,"0.18",,,,,,,,
"US1UTUT0024","AMERICAN FORK 1.1 ESE, UT US","2022-03-22",,,"0.00","0.0",,,,,,,
"US1UTUT0024","AMERICAN FORK 1.1 ESE, UT US","2022-03-23",,,"0.00","0.0",,,,,,,
"US1UTUT0024","AMERICAN FORK 1.1 ESE, UT US","2022-03-24",,,"0.00","0.0",,,,,,,
"US1UTUT0024","AMERICAN FORK 1.1 ESE, UT US","2022-03-25",,,"0.00","0.0",,,,,,,
"US1UTUT0024","AMERICAN FORK 1.1 ESE, UT US","2022-03-26",,,"0.00","0.0",,,,,,,
"US1UTUT0024","AMERICAN FORK 1.1 ESE, UT US","2022-03-27",,,"0.00","0.0",,,,,,,
"US1UTUT0024","AMERICAN FORK 1.1 ESE, UT US","2022-03-28",,,"0.00","0.0",,,,,,,
"US1UTUT0024","AMERICAN FORK 1.1 ESE, UT US","2022-03-29",,,"0.01",,,,,,,,
"US1UTUT0024","AMERICAN FORK 1.1 ESE, UT US","2022-03-30",,,"0.12",,,,,,,,
"US1UTUT0024","AMERICAN FORK 1.1 ESE, UT US","2022-03-31",,,"0.01",,,,,,,,
"US1UTUT0024","AMERICAN FORK 1.1 ESE, UT US","2022-04-01",,,"0.02",,,,,,,,
"US1UTUT0024","AMERICAN FORK 1.1 ESE, UT US","2022-04-02",,,"0.00","0.0",,,,,,,
"US1UTUT0024","AMERICAN FORK 1.1 ESE, UT US","2022-04-03",,,"0.00","0.0",,,,,,,
"USC00428973","UTAH LAKE LEHI, UT US","2022-01-01",,,"0.00","0.0","1.0",,"27","4",,,
"USC00428973","UTAH LAKE LEHI, UT US","2022-01-02",,,"0.00","0.0","1.0",,"21","8",,,
"USC00428973","UTAH LAKE LEHI, UT US","2022-01-03",,,"0.00","0.0","1.0",,"40","21",,,
"USC00428973","UTAH LAKE LEHI, UT US","2022-01-04",,,"0.09","0.0","0.0",,"38","24",,,
"USC00428973","UTAH LAKE LEHI, UT US","2022-01-05",,,"0.03","0.0","0.0",,"47","34",,,
"USC00428973","UTAH LAKE LEHI, UT US","2022-01-06",,,"0.00","0.0","0.0",,"52","25",,,
"USC00428973","UTAH LAKE LEHI, UT US","2022-01-07",,,"0.00","0.0","0.0",,"45","32",,,
"USC00428973","UTAH LAKE LEHI, UT US","2022-01-08",,,"0.00","0.0","0.0",,"40","18",,,
"USC00428973","UTAH LAKE LEHI, UT US","2022-01-09",,,"0.00","0.0","0.0",,"36","17",,,
"USC00428973","UTAH LAKE LEHI, UT US","2022-01-10",,,"0.00","0.0","0.0",,"36","17",,,
"USC00428973","UTAH LAKE LEHI, UT US","2022-01-11",,,"0.00","0.0","0.0",,"40","19",,,
"USC00428973","UTAH LAKE LEHI, UT US","2022-01-12",,,"0.00","0.0","0.0",,"40","20",,,
"USC00428973","UTAH LAKE LEHI, UT US","2022-01-13",,,"0.00","0.0","0.0",,"42","22",,,
"USC00428973","UTAH LAKE LEHI, UT US","2022-01-14",,,"0.00","0.0","0.0",,"40","19",,,
"USC00428973","UTAH LAKE LEHI, UT US","2022-01-15",,,"0.00","0.0","0.0",,"37","15",,,
"USC00428973","UTAH LAKE LEHI, UT US","2022-01-16",,,"0.00","0.0","0.0",,"36","15",,,
"USC00428973","UTAH LAKE LEHI, UT US","2022-01-17",,,"0.00","0.0","0.0",,"40","20",,,
"USC00428973","UTAH LAKE LEHI, UT US","2022-01-18",,,"0.00","0.0","0.0",,"41","21",,,
"USC00428973","UTAH LAKE LEHI, UT US","2022-01-19",,,"0.00","0.0","0.0",,"37","18",,,
"USC00428973","UTAH LAKE LEHI, UT US","2022-01-20",,,"0.00","0.0","0.0",,"40","26",,,
"USC00428973","UTAH LAKE LEHI, UT US","2022-01-21",,,"0.00","0.0","0.0",,"38","23",,,
"USC00428973","UTAH LAKE LEHI, UT US","2022-01-22",,,"0.00","0.0","0.0",,"36","17",,,
"USC00428973","UTAH LAKE LEHI, UT US","2022-01-23",,,"0.00","0.0","0.0",,"37","16",,,
"USC00428973","UTAH LAKE LEHI, UT US","2022-01-24",,,"0.00","0.0","0.0",,"40","26",,,
"USC00428973","UTAH LAKE LEHI, UT US","2022-01-25",,,"0.00","0.0","0.0",,"39","16",,,
"USC00428973","UTAH LAKE LEHI, UT US","2022-01-26",,,"0.00","0.0","0.0",,"37","13",,,
"USC00428973","UTAH LAKE LEHI, UT US","2022-01-27",,,"0.00","0.0","0.0",,"36","12",,,
"USC00428973","UTAH LAKE LEHI, UT US","2022-01-28",,,"0.00","0.0","0.0",,"36","11",,,
"USC00428973","UTAH LAKE LEHI, UT US","2022-01-29",,,"0.00","0.0","0.0",,"38","13",,,
"USC00428973","UTAH LAKE LEHI, UT US","2022-01-30",,,"0.00","0.0","0.0",,"48","13",,,
"USC00428973","UTAH LAKE LEHI, UT US","2022-01-31",,,"0.00","0.0","0.0",,"40","32",,,
"USC00428973","UTAH LAKE LEHI, UT US","2022-02-01",,,"0.00","0.0","0.0",,"32","19",,,
"USC00428973","UTAH LAKE LEHI, UT US","2022-02-02",,,"0.04","1.0","0.0",,"30","5",,,
"USC00428973","UTAH LAKE LEHI, UT US","2022-02-03",,,"0.00","0.0","0.0",,"32","8",,,
"USC00428973","UTAH LAKE LEHI, UT US","2022-02-04",,,"0.00","0.0","0.0",,"32","11",,,
"USC00428973","UTAH LAKE LEHI, UT US","2022-02-05",,,"0.00","0.0","0.0",,"43","19",,,
"USC00428973","UTAH LAKE LEHI, UT US","2022-02-06",,,"0.00","0.0","0.0",,"41","12",,,
"USC00428973","UTAH LAKE LEHI, UT US","2022-02-07",,,"0.00","0.0","0.0",,"42","15",,,
"USC00428973","UTAH LAKE LEHI, UT US","2022-02-08",,,"0.00","0.0","0.0",,"49","22",,,
"USC00428973","UTAH LAKE LEHI, UT US","2022-02-09",,,"0.00","0.0","0.0",,"49","22",,,
"USC00428973","UTAH LAKE LEHI, UT US","2022-02-10",,,"0.00","0.0","0.0",,"45","19",,,
"USC00428973","UTAH LAKE LEHI, UT US","2022-02-11",,,"0.00","0.0","0.0",,"53","19",,,
"USC00428973","UTAH LAKE LEHI, UT US","2022-02-12",,,"0.00","0.0","0.0",,"51","18",,,
"USC00428973","UTAH LAKE LEHI, UT US","2022-02-13",,,"0.00","0.0","0.0",,"54","20",,,
"USC00428973","UTAH LAKE LEHI, UT US","2022-02-14",,,"0.00","0.0","0.0",,"53","25",,,
"USC00428973","UTAH LAKE LEHI, UT US","2022-02-15",,,"0.00","0.0","0.0",,"47","28",,,
"USC00428973","UTAH LAKE LEHI, UT US","2022-02-16",,,"0.02","0.0","0.0",,"40","20",,,
"USC00428973","UTAH LAKE LEHI, UT US","2022-02-17",,,"0.00","0.0","0.0",,"45","17",,,
"USC00428973","UTAH LAKE LEHI, UT US","2022-02-18",,,"0.00","0.0","0.0",,"46","18",,,
"USC00428973","UTAH LAKE LEHI, UT US","2022-02-19",,,"0.00","0.0","0.0",,"57","20",,,
"USC00428973","UTAH LAKE LEHI, UT US","2022-02-20",,,"0.00","0.0","0.0",,"55","26",,,
"USC00428973","UTAH LAKE LEHI, UT US","2022-02-21",,,"0.01","0.0","0.0",,"37","21",,,
"USC00428973","UTAH LAKE LEHI, UT US","2022-02-22",,,"0.00","0.0","0.0",,"36","16",,,
"USC00428973","UTAH LAKE LEHI, UT US","2022-02-23",,,"0.13","1.0","1.0",,"26","10",,,
"USC00428973","UTAH LAKE LEHI, UT US","2022-02-24",,,"0.00","0.0","1.0",,"32","13",,,
"USC00428973","UTAH LAKE LEHI, UT US","2022-02-25",,,"0.00","0.0","0.0",,"30","7",,,
"USC00428973","UTAH LAKE LEHI, UT US","2022-02-26",,,"0.00","0.0","0.0",,"35","11",,,
"USC00428973","UTAH LAKE LEHI, UT US","2022-02-27",,,"0.00","0.0","0.0",,"39","14",,,
"USC00428973","UTAH LAKE LEHI, UT US","2022-02-28",,,"0.00","0.0","0.0",,"39","16",,,
"USC00428973","UTAH LAKE LEHI, UT US","2022-03-01",,,"0.00",,,,"57","24",,,
"USC00428973","UTAH LAKE LEHI, UT US","2022-03-02",,,"0.00",,,,"62","29",,,
"USC00428973","UTAH LAKE LEHI, UT US","2022-03-03",,,"0.00",,,,,,,,
"USC00428973","UTAH LAKE LEHI, UT US","2022-03-04",,,"0.00",,,,,,,,
"USC00428973","UTAH LAKE LEHI, UT US","2022-03-05",,,"0.03",,,,"48","28",,,
"USC00428973","UTAH LAKE LEHI, UT US","2022-03-06",,,"0.35","1.0","1.0",,"37","19",,,
"USC00428973","UTAH LAKE LEHI, UT US","2022-03-07",,,"0.00",,"0.0",,"36","23",,,
"USC00428973","UTAH LAKE LEHI, UT US","2022-03-08",,,"0.00",,,,"40","32",,,
"USC00428973","UTAH LAKE LEHI, UT US","2022-03-09",,,"0.14","1.0","0.0",,"34","20",,,
"USC00428973","UTAH LAKE LEHI, UT US","2022-03-10",,,"0.02","0.0","0.0",,"37","12",,,
"USC00428973","UTAH LAKE LEHI, UT US","2022-03-11",,,"0.00",,,,"36","23",,,
"USC00428973","UTAH LAKE LEHI, UT US","2022-03-12",,,"0.00",,,,"49","26",,,
"USC00428973","UTAH LAKE LEHI, UT US","2022-03-13",,,"0.08",,,,,,,,
"USC00428973","UTAH LAKE LEHI, UT US","2022-03-14",,,"0.00",,,,,,,,
"USC00428973","UTAH LAKE LEHI, UT US","2022-03-15",,,"0.00",,,,,,,,
"USC00428973","UTAH LAKE LEHI, UT US","2022-03-16",,,"0.00",,,,,,,,
"USC00428973","UTAH LAKE LEHI, UT US","2022-03-17",,,"0.00",,,,"54","25",,,
"USC00428973","UTAH LAKE LEHI, UT US","2022-03-18",,,"0.00",,,,"59","26",,,
"USC00428973","UTAH LAKE LEHI, UT US","2022-03-19",,,"0.00",,,,,,,,
"USC00428973","UTAH LAKE LEHI, UT US","2022-03-20",,,"0.04","0.0","0.0",,"45","28",,,
"USC00428973","UTAH LAKE LEHI, UT US","2022-03-21",,,"0.00",,,,,,,,
"USC00428973","UTAH LAKE LEHI, UT US","2022-03-23",,,"0.00",,,,,,,,
"USC00428973","UTAH LAKE LEHI, UT US","2022-03-24",,,"0.00",,,,"71","32",,,
"USC00428973","UTAH LAKE LEHI, UT US","2022-03-25",,,"0.00",,,,"72","36",,,
"USC00428973","UTAH LAKE LEHI, UT US","2022-03-26",,,"0.00",,,,,,,,
"USC00428973","UTAH LAKE LEHI, UT US","2022-03-27",,,"0.00",,,,,,,,
"USC00428973","UTAH LAKE LEHI, UT US","2022-03-28",,,"0.00",,,,,,,,
"USC00428973","UTAH LAKE LEHI, UT US","2022-03-29",,,"0.00",,,,"60","42",,,
"USC00428973","UTAH LAKE LEHI, UT US","2022-03-30",,,"0.02",,,,"58","37",,,
"USC00428973","UTAH LAKE LEHI, UT US","2022-03-31",,,"0.00",,,,"50","39",,,
"USC00428973","UTAH LAKE LEHI, UT US","2022-04-01",,,"0.00",,,,"55","28",,,
"USC00428973","UTAH LAKE LEHI, UT US","2022-04-02",,,"0.00",,,,"66","28",,,
"USC00428973","UTAH LAKE LEHI, UT US","2022-04-03",,,"0.00",,,,,,,,
"USR0000PLGV","PLEASANT GROVE UTAH, UT US","2022-01-01",,,,,,"15","23","11",,,
"USR0000PLGV","PLEASANT GROVE UTAH, UT US","2022-01-02",,,,,,"17","27","8",,,
"USR0000PLGV","PLEASANT GROVE UTAH, UT US","2022-01-03",,,,,,"30","43","17",,,
"USR0000PLGV","PLEASANT GROVE UTAH, UT US","2022-01-04",,,,,,"37","41","34",,,
"USR0000PLGV","PLEASANT GROVE UTAH, UT US","2022-01-05",,,,,,"36","41","34",,,
"USR0000PLGV","PLEASANT GROVE UTAH, UT US","2022-01-06",,,,,,"44","50","40",,,
"USR0000PLGV","PLEASANT GROVE UTAH, UT US","2022-01-07",,,,,,"48","55","42",,,
"USR0000PLGV","PLEASANT GROVE UTAH, UT US","2022-01-08",,,,,,"35","43","29",,,
"USR0000PLGV","PLEASANT GROVE UTAH, UT US","2022-01-09",,,,,,"30","40","25",,,
"USR0000PLGV","PLEASANT GROVE UTAH, UT US","2022-01-10",,,,,,"31","43","23",,,
"USR0000PLGV","PLEASANT GROVE UTAH, UT US","2022-01-11",,,,,,"31","41","25",,,
"USR0000PLGV","PLEASANT GROVE UTAH, UT US","2022-01-12",,,,,,"35","45","27",,,
"USR0000PLGV","PLEASANT GROVE UTAH, UT US","2022-01-13",,,,,,"39","45","30",,,
"USR0000PLGV","PLEASANT GROVE UTAH, UT US","2022-01-14",,,,,,"34","43","28",,,
"USR0000PLGV","PLEASANT GROVE UTAH, UT US","2022-01-15",,,,,,"33","42","26",,,
"USR0000PLGV","PLEASANT GROVE UTAH, UT US","2022-01-16",,,,,,"33","45","24",,,
"USR0000PLGV","PLEASANT GROVE UTAH, UT US","2022-01-17",,,,,,"33","44","26",,,
"USR0000PLGV","PLEASANT GROVE UTAH, UT US","2022-01-18",,,,,,"35","44","29",,,
"USR0000PLGV","PLEASANT GROVE UTAH, UT US","2022-01-19",,,,,,"32","41","28",,,
"USR0000PLGV","PLEASANT GROVE UTAH, UT US","2022-01-20",,,,,,"31","40","24",,,
"USR0000PLGV","PLEASANT GROVE UTAH, UT US","2022-01-21",,,,,,"33","40","29",,,
"USR0000PLGV","PLEASANT GROVE UTAH, UT US","2022-01-22",,,,,,"31","41","26",,,
"USR0000PLGV","PLEASANT GROVE UTAH, UT US","2022-01-23",,,,,,"29","40","23",,,
"USR0000PLGV","PLEASANT GROVE UTAH, UT US","2022-01-24",,,,,,"32","43","23",,,
"USR0000PLGV","PLEASANT GROVE UTAH, UT US","2022-01-25",,,,,,"31","39","26",,,
"USR0000PLGV","PLEASANT GROVE UTAH, UT US","2022-01-26",,,,,,"29","40","22",,,
"USR0000PLGV","PLEASANT GROVE UTAH, UT US","2022-01-27",,,,,,"28","38","20",,,
"USR0000PLGV","PLEASANT GROVE UTAH, UT US","2022-01-28",,,,,,"29","42","20",,,
"USR0000PLGV","PLEASANT GROVE UTAH, UT US","2022-01-29",,,,,,"32","46","22",,,
"USR0000PLGV","PLEASANT GROVE UTAH, UT US","2022-01-30",,,,,,"32","45","23",,,
"USR0000PLGV","PLEASANT GROVE UTAH, UT US","2022-01-31",,,,,,"35","46","26",,,
"USR0000PLGV","PLEASANT GROVE UTAH, UT US","2022-02-01",,,,,,"24","32","19",,,
"USR0000PLGV","PLEASANT GROVE UTAH, UT US","2022-02-02",,,,,,"20","26","16",,,
"USR0000PLGV","PLEASANT GROVE UTAH, UT US","2022-02-03",,,,,,"20","31","12",,,
"USR0000PLGV","PLEASANT GROVE UTAH, UT US","2022-02-04",,,,,,"25","37","15",,,
"USR0000PLGV","PLEASANT GROVE UTAH, UT US","2022-02-05",,,,,,"32","45","23",,,
"USR0000PLGV","PLEASANT GROVE UTAH, UT US","2022-02-06",,,,,,"32","43","23",,,
"USR0000PLGV","PLEASANT GROVE UTAH, UT US","2022-02-07",,,,,,"35","47","24",,,
"USR0000PLGV","PLEASANT GROVE UTAH, UT US","2022-02-08",,,,,,"37","49","28",,,
"USR0000PLGV","PLEASANT GROVE UTAH, UT US","2022-02-09",,,,,,"38","49","31",,,
"USR0000PLGV","PLEASANT GROVE UTAH, UT US","2022-02-10",,,,,,"39","51","32",,,
"USR0000PLGV","PLEASANT GROVE UTAH, UT US","2022-02-11",,,,,,"42","54","34",,,
"USR0000PLGV","PLEASANT GROVE UTAH, UT US","2022-02-12",,,,,,"40","53","33",,,
"USR0000PLGV","PLEASANT GROVE UTAH, UT US","2022-02-13",,,,,,"43","58","34",,,
"USR0000PLGV","PLEASANT GROVE UTAH, UT US","2022-02-14",,,,,,"48","58","35",,,
"USR0000PLGV","PLEASANT GROVE UTAH, UT US","2022-02-15",,,,,,"45","54","35",,,
"USR0000PLGV","PLEASANT GROVE UTAH, UT US","2022-02-16",,,,,,"31","36","26",,,
"USR0000PLGV","PLEASANT GROVE UTAH, UT US","2022-02-17",,,,,,"30","38","24",,,
"USR0000PLGV","PLEASANT GROVE UTAH, UT US","2022-02-18",,,,,,"36","48","27",,,
"USR0000PLGV","PLEASANT GROVE UTAH, UT US","2022-02-19",,,,,,"41","54","30",,,
"USR0000PLGV","PLEASANT GROVE UTAH, UT US","2022-02-20",,,,,,"46","53","36",,,
"USR0000PLGV","PLEASANT GROVE UTAH, UT US","2022-02-21",,,,,,"30","45","24",,,
"USR0000PLGV","PLEASANT GROVE UTAH, UT US","2022-02-22",,,,,,"26","36","22",,,
"USR0000PLGV","PLEASANT GROVE UTAH, UT US","2022-02-23",,,,,,"20","25","14",,,
"USR0000PLGV","PLEASANT GROVE UTAH, UT US","2022-02-24",,,,,,"19","26","10",,,
"USR0000PLGV","PLEASANT GROVE UTAH, UT US","2022-02-25",,,,,,"22","29","15",,,
"USR0000PLGV","PLEASANT GROVE UTAH, UT US","2022-02-26",,,,,,"21","32","12",,,
"USR0000PLGV","PLEASANT GROVE UTAH, UT US","2022-02-27",,,,,,"27","40","18",,,
"USR0000PLGV","PLEASANT GROVE UTAH, UT US","2022-02-28",,,,,,"35","47","24",,,
"USR0000PLGV","PLEASANT GROVE UTAH, UT US","2022-03-01",,,,,,"44","59","31",,,
"USR0000PLGV","PLEASANT GROVE UTAH, UT US","2022-03-02",,,,,,"51","65","38",,,
"USR0000PLGV","PLEASANT GROVE UTAH, UT US","2022-03-03",,,,,,"55","67","48",,,
"USR0000PLGV","PLEASANT GROVE UTAH, UT US","2022-03-04",,,,,,"50","57","40",,,
"USR0000PLGV","PLEASANT GROVE UTAH, UT US","2022-03-05",,,,,,"38","48","30",,,
"USR0000PLGV","PLEASANT GROVE UTAH, UT US","2022-03-06",,,,,,"29","36","24",,,
"USR0000PLGV","PLEASANT GROVE UTAH, UT US","2022-03-07",,,,,,"27","34","22",,,
"USR0000PLGV","PLEASANT GROVE UTAH, UT US","2022-03-08",,,,,,"29","35","24",,,
"USR0000PLGV","PLEASANT GROVE UTAH, UT US","2022-03-09",,,,,,"31","38","24",,,
"USR0000PLGV","PLEASANT GROVE UTAH, UT US","2022-03-10",,,,,,"23","28","17",,,
"USR0000PLGV","PLEASANT GROVE UTAH, UT US","2022-03-11",,,,,,"27","40","15",,,
"USR0000PLGV","PLEASANT GROVE UTAH, UT US","2022-03-12",,,,,,"40","53","30",,,
"USR0000PLGV","PLEASANT GROVE UTAH, UT US","2022-03-13",,,,,,"40","50","33",,,
"USR0000PLGV","PLEASANT GROVE UTAH, UT US","2022-03-14",,,,,,"39","51","29",,,
"USR0000PLGV","PLEASANT GROVE UTAH, UT US","2022-03-15",,,,,,"46","59","38",,,
"USR0000PLGV","PLEASANT GROVE UTAH, UT US","2022-03-16",,,,,,"41","47","34",,,
"USR0000PLGV","PLEASANT GROVE UTAH, UT US","2022-03-17",,,,,,"39","51","30",,,
"USR0000PLGV","PLEASANT GROVE UTAH, UT US","2022-03-18",,,,,,"43","55","35",,,
"USR0000PLGV","PLEASANT GROVE UTAH, UT US","2022-03-19",,,,,,"49","61","40",,,
"USR0000PLGV","PLEASANT GROVE UTAH, UT US","2022-03-20",,,,,,"41","53","31",,,
"USR0000PLGV","PLEASANT GROVE UTAH, UT US","2022-03-21",,,,,,"35","44","26",,,
"USR0000PLGV","PLEASANT GROVE UTAH, UT US","2022-03-22",,,,,,"39","48","30",,,
"USR0000PLGV","PLEASANT GROVE UTAH, UT US","2022-03-23",,,,,,"45","59","32",,,
"USR0000PLGV","PLEASANT GROVE UTAH, UT US","2022-03-24",,,,,,"53","68","42",,,
"USR0000PLGV","PLEASANT GROVE UTAH, UT US","2022-03-25",,,,,,"59","73","49",,,
"USR0000PLGV","PLEASANT GROVE UTAH, UT US","2022-03-26",,,,,,"64","75","55",,,
"USR0000PLGV","PLEASANT GROVE UTAH, UT US","2022-03-27",,,,,,"66","73","61",,,
"USR0000PLGV","PLEASANT GROVE UTAH, UT US","2022-03-28",,,,,,"58","64","49",,,
"USR0000PLGV","PLEASANT GROVE UTAH, UT US","2022-03-29",,,,,,"44","49","40",,,
"USR0000PLGV","PLEASANT GROVE UTAH, UT US","2022-03-30",,,,,,"48","58","41",,,
"USR0000PLGV","PLEASANT GROVE UTAH, UT US","2022-03-31",,,,,,"44","52","38",,,
"USR0000PLGV","PLEASANT GROVE UTAH, UT US","2022-04-01",,,,,,"45","60","34",,,
"USR0000PLGV","PLEASANT GROVE UTAH, UT US","2022-04-02",,,,,,"52","66","41",,,
"USR0000PLGV","PLEASANT GROVE UTAH, UT US","2022-04-03",,,,,,"50","63","39",,,
"USC00426919","PLEASANT GROVE, UT US","2022-01-01",,,"0.00","0.0","0.0",,"35","10","16",,
"USC00426919","PLEASANT GROVE, UT US","2022-01-02",,,"0.00","0.0","0.0",,"28","7","15",,
"USC00426919","PLEASANT GROVE, UT US","2022-01-03",,,"0.00","0.0","0.0",,"44","14","32",,
"USC00426919","PLEASANT GROVE, UT US","2022-01-04",,,"0.09","1.0","1.0",,"43","31","38",,
"USC00426919","PLEASANT GROVE, UT US","2022-01-05",,,"0.65","3.0","4.0",,"43","30","42",,
"USC00426919","PLEASANT GROVE, UT US","2022-01-06",,,"0.00","0.0","2.0",,"52","40","45",,
"USC00426919","PLEASANT GROVE, UT US","2022-01-07",,,"0.00","0.0","0.0",,"58","39","40",,
"USC00426919","PLEASANT GROVE, UT US","2022-01-08",,,"0.04","0.5","0.0",,"44","29","37",,
"USC00426919","PLEASANT GROVE, UT US","2022-01-09",,,"0.00","0.0","0.0",,"40","22","30",,
"USC00426919","PLEASANT GROVE, UT US","2022-01-10",,,"0.00","0.0","0.0",,"44","20","30",,
"USC00426919","PLEASANT GROVE, UT US","2022-01-11",,,"0.00","0.0","0.0",,"40","21","29",,
"USC00426919","PLEASANT GROVE, UT US","2022-01-12",,,"0.00","0.0","0.0",,"45","24","32",,
"USC00426919","PLEASANT GROVE, UT US","2022-01-13",,,"0.00","0.0","0.0",,"46","28","35",,
"USC00426919","PLEASANT GROVE, UT US","2022-01-14",,,"0.00","0.0","0.0",,"44","27","33",,
"USC00426919","PLEASANT GROVE, UT US","2022-01-15",,,"0.00","0.0","0.0",,"42","23","31",,
"USC00426919","PLEASANT GROVE, UT US","2022-01-16",,,"0.00","0.0","0.0",,"43","21","30",,
"USC00426919","PLEASANT GROVE, UT US","2022-01-17",,,"0.00","0.0","0.0",,"42","23","30",,
"USC00426919","PLEASANT GROVE, UT US","2022-01-18",,,"0.00","0.0","0.0",,"42","27","33",,
"USC00426919","PLEASANT GROVE, UT US","2022-01-19",,,"0.00","0.0","0.0",,"42","25","31",,
"USC00426919","PLEASANT GROVE, UT US","2022-01-20",,,"0.00","0.0","0.0",,"41","23","32",,
"USC00426919","PLEASANT GROVE, UT US","2022-01-21",,,"0.03","1.0","1.0",,"43","28","33",,
"USC00426919","PLEASANT GROVE, UT US","2022-01-22",,,"0.00","0.0","0.0",,"42","22","30",,
"USC00426919","PLEASANT GROVE, UT US","2022-01-23",,,"0.00","0.0","0.0",,"40","21","28",,
"USC00426919","PLEASANT GROVE, UT US","2022-01-24",,,"0.00","0.0","0.0",,"44","21","32",,
"USC00426919","PLEASANT GROVE, UT US","2022-01-25",,,"0.00","0.0","0.0",,"41","27","32",,
"USC00426919","PLEASANT GROVE, UT US","2022-01-26",,,"0.00","0.0","0.0",,"40","21","30",,
"USC00426919","PLEASANT GROVE, UT US","2022-01-27",,,"0.00","0.0","0.0",,"40","20","28",,
"USC00426919","PLEASANT GROVE, UT US","2022-01-28",,,"0.00","0.0","0.0",,"41","18","27",,
"USC00426919","PLEASANT GROVE, UT US","2022-01-29",,,"0.00","0.0","0.0",,"44","20","30",,
"USC00426919","PLEASANT GROVE, UT US","2022-01-30",,,"0.00","0.0","0.0",,"44","20","29",,
"USC00426919","PLEASANT GROVE, UT US","2022-01-31",,,"0.00","0.0","0.0",,"50","25","35",,
"USC00426919","PLEASANT GROVE, UT US","2022-02-01",,,"0.00","0.0","0.0",,"35","18","25",,
"USC00426919","PLEASANT GROVE, UT US","2022-02-02",,,"0.00","0.0","0.0",,"30","16","21",,
"USC00426919","PLEASANT GROVE, UT US","2022-02-03",,,"0.00","0.0","0.0",,"32","13","21",,
"USC00426919","PLEASANT GROVE, UT US","2022-02-04",,,"0.00","0.0","0.0",,"36","14","24",,
"USC00426919","PLEASANT GROVE, UT US","2022-02-05",,,"0.00","0.0","0.0",,"44","18","29",,
"USC00426919","PLEASANT GROVE, UT US","2022-02-06",,,"0.00","0.0","0.0",,"43","23","31",,
"USC00426919","PLEASANT GROVE, UT US","2022-02-07",,,"0.00","0.0","0.0",,"47","22","35",,
"USC00426919","PLEASANT GROVE, UT US","2022-02-08",,,"0.00","0.0","0.0",,"50","25","36",,
"USC00426919","PLEASANT GROVE, UT US","2022-02-09",,,"0.00","0.0","0.0",,"51","29","38",,
"USC00426919","PLEASANT GROVE, UT US","2022-02-10",,,"0.00","0.0","0.0",,"50","29","38",,
"USC00426919","PLEASANT GROVE, UT US","2022-02-11",,,"0.00","0.0","0.0",,"56","30","41",,
"USC00426919","PLEASANT GROVE, UT US","2022-02-12",,,"0.00","0.0","0.0",,"53","27","38",,
"USC00426919","PLEASANT GROVE, UT US","2022-02-13",,,"0.00","0.0","0.0",,"58","27","40",,
"USC00426919","PLEASANT GROVE, UT US","2022-02-14",,,"0.00","0.0","0.0",,"59","30","45",,
"USC00426919","PLEASANT GROVE, UT US","2022-02-15",,,"0.00","0.0","0.0",,"56","36","36",,
"USC00426919","PLEASANT GROVE, UT US","2022-02-16",,,"0.00","0.0","0.0",,"36","25","30",,
"USC00426919","PLEASANT GROVE, UT US","2022-02-17",,,"0.00","0.0","0.0",,"42","22","30",,
"USC00426919","PLEASANT GROVE, UT US","2022-02-18",,,"0.00","0.0","0.0",,"49","24","35",,
"USC00426919","PLEASANT GROVE, UT US","2022-02-19",,,"0.00","0.0","0.0",,"56","31","45",,
"USC00426919","PLEASANT GROVE, UT US","2022-02-20",,,"0.00","0.0","0.0",,"56","31","45",,
"USC00426919","PLEASANT GROVE, UT US","2022-02-21",,,"0.00","0.0","0.0",,"48","23","31",,
"USC00426919","PLEASANT GROVE, UT US","2022-02-22",,,"0.03","1.0","1.0",,"39","22","23",,
"USC00426919","PLEASANT GROVE, UT US","2022-02-23",,,"0.20","2.0","3.0",,"24","15","20",,
"USC00426919","PLEASANT GROVE, UT US","2022-02-24",,,"0.20","2.0","5.0",,"30","12","20",,
"USC00426919","PLEASANT GROVE, UT US","2022-02-25",,,"0.01","0.0",,,"32","16","22",,
"USC00426919","PLEASANT GROVE, UT US","2022-02-26",,,"0.00","0.0",,,"32","14","22",,
"USC00426919","PLEASANT GROVE, UT US","2022-02-27",,,"0.00","0.0","0.0",,"39","17","25",,
"USC00426919","PLEASANT GROVE, UT US","2022-02-28",,,"0.00","0.0","0.0",,"48","21","32",,
"US1UTUT0028","OREM 1.7 SSW, UT US","2022-01-03","   19","0.50",,,"1.0",,,,,,
"US1UTUT0028","OREM 1.7 SSW, UT US","2022-01-06","    3","0.12",,,"0.0",,,,,,
"US1UTUT0028","OREM 1.7 SSW, UT US","2022-01-10","    4","0.06",,,"0.0",,,,,,
"US1UTUT0028","OREM 1.7 SSW, UT US","2022-01-11",,,"0.00","0.0",,,,,,,
"US1UTUT0028","OREM 1.7 SSW, UT US","2022-01-12",,,"0.00","0.0",,,,,,,
"US1UTUT0028","OREM 1.7 SSW, UT US","2022-01-13",,,"0.00","0.0",,,,,,,
"US1UTUT0028","OREM 1.7 SSW, UT US","2022-01-18","    5","0.00",,,"0.0",,,,,,
"US1UTUT0028","OREM 1.7 SSW, UT US","2022-01-19",,,"0.00","0.0",,,,,,,
"US1UTUT0028","OREM 1.7 SSW, UT US","2022-01-20",,,"0.00","0.0",,,,,,,
"US1UTUT0028","OREM 1.7 SSW, UT US","2022-01-24","    4","0.02",,,"0.0",,,,,,
"US1UTUT0028","OREM 1.7 SSW, UT US","2022-01-25",,,"0.00","0.0",,,,,,,
"US1UTUT0028","OREM 1.7 SSW, UT US","2022-01-26",,,"0.00","0.0",,,,,,,
"US1UTUT0028","OREM 1.7 SSW, UT US","2022-01-27",,,"0.00","0.0",,,,,,,
"US1UTUT0028","OREM 1.7 SSW, UT US","2022-01-31","    4","0.00",,,"0.0",,,,,,
"US1UTUT0028","OREM 1.7 SSW, UT US","2022-02-02",,,"0.09","2.0",,,,,,,
"US1UTUT0028","OREM 1.7 SSW, UT US","2022-02-03",,,"0.00","0.0",,,,,,,
"US1UTUT0028","OREM 1.7 SSW, UT US","2022-02-07","    4","0.00",,,"0.0",,,,,,
"US1UTUT0028","OREM 1.7 SSW, UT US","2022-02-08",,,"0.00","0.0",,,,,,,
"US1UTUT0028","OREM 1.7 SSW, UT US","2022-02-09",,,"0.00","0.0",,,,,,,
"US1UTUT0028","OREM 1.7 SSW, UT US","2022-02-10",,,"0.00","0.0",,,,,,,
"US1UTUT0028","OREM 1.7 SSW, UT US","2022-02-11",,,"0.00","0.0",,,,,,,
"US1UTUT0028","OREM 1.7 SSW, UT US","2022-02-14","    3","0.00",,,"0.0",,,,,,
"US1UTUT0028","OREM 1.7 SSW, UT US","2022-02-15",,,"0.00","0.0",,,,,,,
"US1UTUT0028","OREM 1.7 SSW, UT US","2022-02-16",,,"0.00","0.0",,,,,,,
"US1UTUT0028","OREM 1.7 SSW, UT US","2022-02-17",,,"0.00","0.0",,,,,,,
"US1UTUT0028","OREM 1.7 SSW, UT US","2022-02-22","    5","0.30",,,"3.0",,,,,,
"US1UTUT0028","OREM 1.7 SSW, UT US","2022-02-23",,,"0.04","0.0",,,,,,,
"US1UTUT0028","OREM 1.7 SSW, UT US","2022-02-24",,,"0.17","3.0",,,,,,,
"US1UTUT0028","OREM 1.7 SSW, UT US","2022-02-28",,,"0.00","0.0",,,,,,,
"US1UTUT0028","OREM 1.7 SSW, UT US","2022-03-01",,,"0.00","0.0",,,,,,,
"US1UTUT0028","OREM 1.7 SSW, UT US","2022-03-02",,,"0.00","0.0",,,,,,,
"US1UTUT0028","OREM 1.7 SSW, UT US","2022-03-03",,,"0.00","0.0",,,,,,,
"US1UTUT0028","OREM 1.7 SSW, UT US","2022-03-14","   11","0.44",,,"0.0",,,,,,
"US1UTUT0028","OREM 1.7 SSW, UT US","2022-03-15",,,"0.00","0.0",,,,,,,
"US1UTUT0028","OREM 1.7 SSW, UT US","2022-03-16",,,"0.11","0.0",,,,,,,
"US1UTUT0028","OREM 1.7 SSW, UT US","2022-03-17",,,"0.00","0.0",,,,,,,
"US1UTUT0028","OREM 1.7 SSW, UT US","2022-03-21","    4","0.15",,,"0.0",,,,,,
"US1UTUT0028","OREM 1.7 SSW, UT US","2022-03-22",,,"0.00","0.0",,,,,,,
"US1UTUT0028","OREM 1.7 SSW, UT US","2022-03-23",,,"0.00","0.0",,,,,,,
"US1UTUT0028","OREM 1.7 SSW, UT US","2022-03-24",,,"0.00","0.0",,,,,,,
"US1UTUT0028","OREM 1.7 SSW, UT US","2022-03-25",,,"0.00","0.0",,,,,,,
"US1UTUT0028","OREM 1.7 SSW, UT US","2022-03-28",,,"0.00","0.0",,,,,,,
"US1UTUT0028","OREM 1.7 SSW, UT US","2022-03-29",,,"0.03","0.0",,,,,,,
"US1UTUT0028","OREM 1.7 SSW, UT US","2022-03-30",,,"0.05","0.0",,,,,,,
"US1UTUT0028","OREM 1.7 SSW, UT US","2022-03-31",,,"0.00","0.0",,,,,,,
"US1UTUT0028","OREM 1.7 SSW, UT US","2022-04-01",,,"0.00","0.0","0.0",,,,,,
