StartDate,EndDate,Status,Progress,Duration (in seconds),Finished,RecordedDate,ResponseId,DistributionChannel,UserLanguage,Q2,Q2_8_TEXT,Q3,Q4,Q5,Q6,Q7_1,Q7_2,Q7_27,Q7_14,Q7_15,Q7_16,Q7_18,Q7_26,Q7_19,Q7_29,Q7_20,Q7_21,Q7_22,Q7_23,Q7_24,Q8,Q9_1,Q9_2,Q9_3,Q9_4,Q9_5,Q9_6,Q9_7,Q9_8,Q9_9,Q9_10,Q10_1,Q10_2,Q10_3,Q10_4,Q10_5,Q10_6,Q10_7,Q10_8,Q10_9,Q10_10,Q11,Q12,Q12_6_TEXT,Q13,Q14,Q14_3_TEXT,Q15_1_x,Q15_1_y,Q17,Q18,Q18_8_TEXT,Q26,Q26_4_TEXT,Q19,Q20,Q21,Q22,Q23,Q24,Q24_7_TEXT
Start Date,End Date,Response Type,Progress,Duration (in seconds),Finished,Recorded Date,Response ID,Distribution Channel,User Language,How did you get to campus today? - Selected Choice,How did you get to campus today? - Other (specify): - Text,What time did you arrive on campus today? Include AM/PM,What time will you leave campus today? Include AM/PM,Do you own a car?,What influenced your decision to use the transportation mode you chose ([QID33-ChoiceGroup-SelectedChoices])? Select up to 5 that apply:,Rank the reasons you chose from most influential to least influential (drag and drop): - Parking availabliity,Rank the reasons you chose from most influential to least influential (drag and drop): - Cost,Rank the reasons you chose from most influential to least influential (drag and drop): - Convenience,Rank the reasons you chose from most influential to least influential (drag and drop): - Safety,Rank the reasons you chose from most influential to least influential (drag and drop): - Privacy,Rank the reasons you chose from most influential to least influential (drag and drop): - Weather,Rank the reasons you chose from most influential to least influential (drag and drop): - Flexibility,Rank the reasons you chose from most influential to least influential (drag and drop): - Distance,Rank the reasons you chose from most influential to least influential (drag and drop): - Health,Rank the reasons you chose from most influential to least influential (drag and drop): - Exercise,Rank the reasons you chose from most influential to least influential (drag and drop): - Personal preference,Rank the reasons you chose from most influential to least influential (drag and drop): - Mode availabililty,Rank the reasons you chose from most influential to least influential (drag and drop): - Travel Time,Rank the reasons you chose from most influential to least influential (drag and drop): - Environmental concerns,Rank the reasons you chose from most influential to least influential (drag and drop): - None of the above,What year are you in school?,Select where your first on-campus activity was located today: - Group # 5 (Law),Select where your first on-campus activity was located today: - Group #12 (Greenhouse),Select where your first on-campus activity was located today: - Group #6 (Wilk),Select where your first on-campus activity was located today: - Group #7 (Clyde),Select where your first on-campus activity was located today: - Group #9 (Tanner),Select where your first on-campus activity was located today: - Group #8 (McKay),Select where your first on-campus activity was located today: - Group #10 (Fieldhouse),Select where your first on-campus activity was located today: - Group #11 (Maeser),Select where your first on-campus activity was located today: - Group #4 (Lavell),Select where your first on-campus activity was located today: - Group #2 (Marriott),Select where your last on-campus activity was located today: - Group # 5 (Law),Select where your last on-campus activity was located today: - Group #12 (Greenhouse),Select where your last on-campus activity was located today: - Group #6 (Wilk),Select where your last on-campus activity was located today: - Group #7 (Clyde),Select where your last on-campus activity was located today: - Group #9 (Tanner),Select where your last on-campus activity was located today: - Group #8 (McKay),Select where your last on-campus activity was located today: - Group #10 (Fieldhouse),Select where your last on-campus activity was located today: - Group #11 (Maeser),Select where your last on-campus activity was located today: - Group #4 (Lavell),Select where your last on-campus activity was located today: - Group #2 (Marriott),Where do you currently live?,Which complex do you currently live in? - Selected Choice,Which complex do you currently live in? - Other (specify): - Text,What type of housing do you live in?,What city do you currently live in? - Selected Choice,What city do you currently live in? - Other (specify): - Text,Please click/tap roughly where you live (or live closest to): - 1 - X,Please click/tap roughly where you live (or live closest to): - 1 - Y,"Where did you grow up? (City, State, Country)",What mode(s) of transportation did you primarily use to get to high school? (select all that apply) - Selected Choice,What mode(s) of transportation did you primarily use to get to high school? (select all that apply) - Other (specify): - Text,How do you describe yourself? - Selected Choice,How do you describe yourself? - Prefer to self-describe - Text,Are you married?,Do you have children?,What is your area of study?,Which college do you work for?,Do you currently work?,Click to write the question text - Selected Choice,Click to write the question text - Other: - Text
"{""ImportId"":""startDate"",""timeZone"":""America/Denver""}","{""ImportId"":""endDate"",""timeZone"":""America/Denver""}","{""ImportId"":""status""}","{""ImportId"":""progress""}","{""ImportId"":""duration""}","{""ImportId"":""finished""}","{""ImportId"":""recordedDate"",""timeZone"":""America/Denver""}","{""ImportId"":""_recordId""}","{""ImportId"":""distributionChannel""}","{""ImportId"":""userLanguage""}","{""ImportId"":""QID33""}","{""ImportId"":""QID33_8_TEXT""}","{""ImportId"":""QID24_TEXT""}","{""ImportId"":""QID26_TEXT""}","{""ImportId"":""QID40""}","{""ImportId"":""QID48""}","{""ImportId"":""QID49_1""}","{""ImportId"":""QID49_2""}","{""ImportId"":""QID49_3""}","{""ImportId"":""QID49_4""}","{""ImportId"":""QID49_5""}","{""ImportId"":""QID49_6""}","{""ImportId"":""QID49_7""}","{""ImportId"":""QID49_8""}","{""ImportId"":""QID49_9""}","{""ImportId"":""QID49_10""}","{""ImportId"":""QID49_11""}","{""ImportId"":""QID49_12""}","{""ImportId"":""QID49_13""}","{""ImportId"":""QID49_14""}","{""ImportId"":""QID49_15""}","{""ImportId"":""QID3""}","{""ImportId"":""QID61_7""}","{""ImportId"":""QID61_9""}","{""ImportId"":""QID61_10""}","{""ImportId"":""QID61_11""}","{""ImportId"":""QID61_12""}","{""ImportId"":""QID61_13""}","{""ImportId"":""QID61_14""}","{""ImportId"":""QID61_15""}","{""ImportId"":""QID61_16""}","{""ImportId"":""QID61_17""}","{""ImportId"":""QID64_7""}","{""ImportId"":""QID64_9""}","{""ImportId"":""QID64_10""}","{""ImportId"":""QID64_11""}","{""ImportId"":""QID64_12""}","{""ImportId"":""QID64_13""}","{""ImportId"":""QID64_14""}","{""ImportId"":""QID64_15""}","{""ImportId"":""QID64_16""}","{""ImportId"":""QID64_17""}","{""ImportId"":""QID10""}","{""ImportId"":""QID42""}","{""ImportId"":""QID42_6_TEXT""}","{""ImportId"":""QID53""}","{""ImportId"":""QID43""}","{""ImportId"":""QID43_3_TEXT""}","{""ImportId"":""QID65"",""point"":1,""coord"":""x""}","{""ImportId"":""QID65"",""point"":1,""coord"":""y""}","{""ImportId"":""QID1_TEXT""}","{""ImportId"":""QID22""}","{""ImportId"":""QID22_8_TEXT""}","{""ImportId"":""QID68""}","{""ImportId"":""QID68_4_TEXT""}","{""ImportId"":""QID4""}","{""ImportId"":""QID5""}","{""ImportId"":""QID6""}","{""ImportId"":""QID7""}","{""ImportId"":""QID8""}","{""ImportId"":""QID15""}","{""ImportId"":""QID15_7_TEXT""}"
2022-02-18 12:07:42,2022-02-18 12:11:50,IP Address,100,247,True,2022-02-18 12:11:50,R_vUfIRcWSrKxuAMx,anonymous,EN,The Ryde shuttle bus,,19:50,22:00,Yes,"Parking availabliity,Cost,Convenience,Mode availabililty,Environmental concerns",3,1,2,,,,,,,,,5,,4,,Junior,Off,Off,Off,On,Off,Off,Off,Off,Off,Off,On,On,On,3,On,On,On,On,On,On,On-campus housing,Wyview Park,,,,,,,"Taylorsville, Utah, USA","Drive alone or with siblings,Walk",,,,Yes,"Yes, more than 1",Engineering,,"Yes, off campus",Bachelor's degree,
2022-02-18 12:09:00,2022-02-18 12:15:04,IP Address,100,363,True,2022-02-18 12:15:04,R_esolWy68qvA4qWZ,anonymous,EN,Walk,,07:35,12:15,No,"Cost,Convenience,Distance,Personal preference,Mode availabililty",,3,1,,,,,2,,,4,5,,,,Graduate student,Off,Off,Off,On,Off,Off,Off,Off,Off,Off,On,On,On,3,On,On,On,On,On,On,Off-campus BYU-contracted housing,,,,Provo,,1025,663,"Idaho Falls, Idaho, USA",Walk,,,,No,No,Engineering,,"Yes, on campus",Bachelor's degree,
2022-02-18 17:50:51,2022-02-18 17:54:21,IP Address,100,210,True,2022-02-18 17:54:22,R_3Dwj0eRyhRIB1GO,anonymous,EN,"Bicycle, scooter, skateboard, etc.",,07:45,22:00,Yes,"Cost,Convenience,Flexibility,Exercise,Travel Time",,3,1,,,,2,,,4,,,5,,,Junior,Off,Off,Off,Off,On,Off,Off,Off,Off,Off,On,On,On,3,On,On,On,On,On,On,Off-campus BYU-contracted housing,,,,Provo,,1121,747,"Rockville, [MD], Montgomery","Drive alone or with siblings,School bus,Walk",,,,No,No,Engineering,,"Yes, on campus",Some college,
2022-02-18 12:06:52,2022-02-18 12:08:43,IP Address,4,110,False,2022-02-25 12:06:53,R_sh6bXgf7PfQY0ff,anonymous,EN,,,,,,,,,,,,,,,,,,,,,,,,,,,,,,,,,,,,,,,,,,,,,,,,,,,,,,,,,,,,,,
2022-02-18 12:07:08,2022-02-18 12:07:35,IP Address,4,27,False,2022-02-25 12:07:10,R_siJipAdl1oVFlcJ,anonymous,EN,,,,,,,,,,,,,,,,,,,,,,,,,,,,,,,,,,,,,,,,,,,,,,,,,,,,,,,,,,,,,,
2022-02-28 16:20:20,2022-02-28 16:21:43,IP Address,100,83,True,2022-02-28 16:21:44,R_3qr62D68D63rpZo,anonymous,EN,Drive alone,,16:20,16:20,Yes,"Convenience,Privacy",,,1,,2,,,,,,,,,,,Graduate student,Off,Off,On,Off,Off,Off,Off,Off,Off,Off,On,On,3,On,On,On,On,On,On,On,On-campus housing,Foreign Language Student Residence (FLSR),,,,,,,United States,Drive alone or with siblings,,Male,,No,No,Engineering,,"Yes, on campus",Trade school,
2022-03-02 13:52:21,2022-03-02 13:54:53,IP Address,100,152,True,2022-03-02 13:54:53,R_xmTrYofHkxXUH61,anonymous,EN,Walk,,09:30,11:45,Yes,Convenience,,,1,,,,,,,,,,,,,Senior,Off,Off,Off,On,Off,Off,Off,Off,Off,Off,On,On,On,3,On,On,On,On,On,On,Off-campus BYU-contracted housing,,,,Provo,,2594,2118,"Eugene, Oregon, US",Drive alone or with siblings,,Male,,No,No,Engineering,,"Yes, off campus",Master's degree,
2022-02-23 14:12:35,2022-02-23 14:13:02,IP Address,4,27,False,2022-03-02 17:11:19,R_2thUhrgKmR1pAkr,anonymous,EN,,,,,,,,,,,,,,,,,,,,,,,,,,,,,,,,,,,,,,,,,,,,,,,,,,,,,,,,,,,,,,
2022-03-07 15:04:08,2022-03-07 15:10:32,IP Address,100,384,True,2022-03-07 15:10:33,R_UuLFrSLcRnGOSpr,anonymous,EN,UTA Transit (incl. UVX Bus),,07:00,19:00,No,"Convenience,Weather,Mode availabililty,Travel Time,Environmental concerns",,,1,,,3,,,,,,2,4,5,,Senior,Off,Off,Off,On,Off,Off,Off,Off,Off,Off,Off,Off,Off,On,Off,Off,Off,Off,Off,Off,Non-BYU-contracted housing (including with family),,,,Provo,,2353,2820,"Prescott, AZ, United States","Drive alone or with siblings,Carpool with peers,Dropped off by parent or guardian",,Female,,Yes,No,Engineering,,"Yes, off campus",Bachelor's degree,
2022-03-08 16:01:59,2022-03-08 16:04:09,IP Address,100,129,True,2022-03-08 16:04:09,R_24bXimTMsLkvxDj,anonymous,EN,Drive alone,,07:00,20:00,Yes,"Parking availabliity,Convenience,Safety,Weather,Health",1,,2,3,,4,,,5,,,,,,,Freshman,Off,Off,Off,On,Off,Off,Off,Off,Off,Off,Off,Off,Off,On,Off,Off,Off,Off,Off,Off,Off-campus BYU-contracted housing,,,,Provo,,0,3300,"Fake Survey, Bottom Left, USA",Drive alone or with siblings,,Male,,No,No,Business,,"Yes, on campus",No college/post-secondary education,
2022-03-08 16:05:12,2022-03-08 16:06:22,IP Address,100,70,True,2022-03-08 16:06:23,R_1MKwJni7vQy2bxs,anonymous,EN,Drive alone,,07:00,08:00,Yes,"Parking availabliity,Cost,Convenience,Safety,Weather",1,2,3,4,,5,,,,,,,,,,Freshman,Off,Off,Off,Off,Off,Off,On,Off,Off,Off,Off,Off,Off,Off,Off,Off,On,Off,Off,Off,Off-campus BYU-contracted housing,,,,Provo,,3300,3300,Bottom Right,Drive alone or with siblings,,Male,,Yes,"Yes, 1",Business,,"Yes, on campus",No college/post-secondary education,
2022-03-08 16:06:35,2022-03-08 16:07:47,IP Address,100,71,True,2022-03-08 16:07:47,R_3ISNTopyA2aH2lp,anonymous,EN,Drive alone,,07:00,08:00,Yes,"Parking availabliity,Cost,Privacy,Exercise",1,2,,,3,,,,,4,,,,,,Freshman,Off,Off,Off,Off,Off,Off,On,Off,Off,Off,Off,Off,Off,Off,Off,Off,Off,Off,On,Off,Non-BYU-contracted housing (including with family),,,,Provo,,4,0,Fake Top Left,Drive alone or with siblings,,Male,,Yes,"Yes, 1",Business,,"Yes, on campus",No college/post-secondary education,
2022-03-08 16:08:06,2022-03-08 16:09:21,IP Address,100,74,True,2022-03-08 16:09:21,R_2Pu0vW7QHHhnpvS,anonymous,EN,Drive alone,,07:00,20:00,Yes,"Parking availabliity,Cost",1,2,,,,,,,,,,,,,,Freshman,Off,Off,Off,Off,Off,Off,Off,Off,Off,On,Off,Off,Off,Off,Off,Off,Off,Off,Off,On,Off-campus BYU-contracted housing,,,,Provo,,3300,0,Fake Top Right,Drive alone or with siblings,,Male,,Yes,"Yes, 1",Business,,"Yes, on campus",No college/post-secondary education,
2022-03-08 16:31:49,2022-03-08 16:40:17,IP Address,58,508,False,2022-03-15 17:31:56,R_3pUwKfkt3FeLAul,anonymous,EN,Motorcycle or similar,,23:00,06:06,Yes,Cost,,1,,,,,,,,,,,,,,Junior,Off,Off,Off,On,Off,Off,Off,Off,Off,Off,Off,Off,Off,Off,Off,Off,Off,Off,Off,On,Off-campus BYU-contracted housing,,,,Provo,,,,,,,,,,,,,,,
2022-03-23 12:32:04,2022-03-23 12:34:58,IP Address,100,174,True,2022-03-23 12:34:58,R_3wo76PcWXx7QhnH,anonymous,EN,Drive alone,,10:30,23:30,Yes,"Convenience,Flexibility,Travel Time",,,2,,,,3,,,,,,1,,,Senior,Off,Off,Off,On,Off,Off,Off,Off,Off,Off,Off,Off,Off,On,Off,Off,Off,Off,Off,Off,Off-campus BYU-contracted housing,,,,Provo,,1631,1490,"Provo, UT, USA","Drive alone or with siblings,Walk",,Male,,No,No,Engineering,,"Yes, both on and off campus",Master's degree,
2022-03-23 19:49:56,2022-03-23 19:56:57,IP Address,100,420,True,2022-03-23 19:56:57,R_2qdzb82qVuEgunx,anonymous,EN,Drive alone,,11:45,15:30,Yes,"Convenience,Distance,Personal preference,Mode availabililty,Travel Time",,,2,,,,,1,,,5,3,4,,,Graduate student,Off,Off,Off,Off,On,Off,Off,Off,Off,Off,Off,Off,Off,Off,On,Off,Off,Off,Off,Off,Non-BYU-contracted housing (including with family),,,,Provo,,670,1832,"Las Vegas, Nevada","Drive alone or with siblings,Dropped off by parent or guardian,School bus,Walk",,Female,,No,No,Humanities,,"Yes, on campus",Doctorate or professional degree,
2022-03-28 10:03:28,2022-03-28 10:06:40,IP Address,100,192,True,2022-03-28 10:06:40,R_2dLy6dPCSGvUFnS,qr,EN,Drive alone,,05:50,17:00,Yes,"Parking availabliity,Cost,Distance,Personal preference,Environmental concerns",1,2,,,,,,5,,,3,,,4,,Sophomore,Off,Off,Off,Off,Off,Off,Off,Off,Off,On,Off,Off,Off,Off,Off,Off,Off,Off,Off,On,Off-campus BYU-contracted housing,,,,Provo,,2938,1932,Spokane WA,"Carpool with peers,Dropped off by parent or guardian,School bus",,Female,,No,No,Life Sciences,,"Yes, on campus",Master's degree,
2022-03-28 10:03:34,2022-03-28 10:06:41,IP Address,100,187,True,2022-03-28 10:06:42,R_1pGcLfRMr3ngXuq,qr,EN,Walk,,08:57,10:04,Yes,"Convenience,Distance,Personal preference,Travel Time",,,1,,,,,2,,,4,,3,,,Senior,Off,Off,Off,Off,Off,On,Off,Off,Off,Off,Off,Off,On,Off,Off,Off,Off,Off,Off,Off,Off-campus BYU-contracted housing,,,,Provo,,2147,1990,Suburb,School bus,,Male,,No,No,Life Sciences,,"Yes, on campus",Bachelor's degree,
2022-03-28 10:03:00,2022-03-28 10:06:48,IP Address,100,228,True,2022-03-28 10:06:49,R_1mDZ9VC9fliLe21,qr,EN,"Bicycle, scooter, skateboard, etc.",,06:46,18:50,No,"Convenience,Flexibility,Distance,Mode availabililty,Travel Time",,,2,,,,4,5,,,,3,1,,,Junior,Off,Off,Off,On,Off,Off,Off,Off,Off,Off,Off,Off,Off,Off,Off,Off,Off,On,Off,Off,Off-campus BYU-contracted housing,,,,Provo,,1970,1568,"Folsom,CA, USA",Walk,,Male,,No,No,Engineering,,"Yes, on campus",Master's degree,
2022-03-28 10:01:42,2022-03-28 10:07:44,IP Address,100,362,True,2022-03-28 10:07:45,R_2wvq2mKRN2lJVXJ,qr,EN,"Bicycle, scooter, skateboard, etc.",,08:00,14:00,Yes,"Parking availabliity,Distance,Health,Travel Time",2,,,,,,,4,3,,,,1,,,Junior,Off,Off,Off,Off,Off,On,Off,Off,Off,Off,Off,Off,Off,On,Off,Off,Off,Off,Off,Off,Off-campus BYU-contracted housing,,,,Provo,,1825,1733,Henderson Nevada USA,"Drive alone or with siblings,Carpool with peers",,Male,,Yes,No,Engineering,,"Yes, off campus",Some college,
2022-03-28 10:05:34,2022-03-28 10:07:59,IP Address,100,144,True,2022-03-28 10:07:59,R_3I0gJ8h39JgSkbU,qr,EN,Walk,,08:50,15:15,No,"Convenience,Weather,Distance,Exercise",,,1,,,3,,2,,4,,,,,,Sophomore,Off,Off,Off,Off,Off,Off,On,Off,Off,Off,Off,Off,Off,Off,Off,On,Off,Off,Off,Off,Off-campus BYU-contracted housing,,,,Provo,,2612,2276,California,"Drive alone or with siblings,Carpool with peers,Walk",,Male,,No,No,Physical and Mathematical Sciences,,No,Doctorate or professional degree,
2022-03-28 10:09:18,2022-03-28 10:11:33,IP Address,100,135,True,2022-03-28 10:11:34,R_3PYrsA0SGIteTIG,qr,EN,Carpool,,09:00,17:00,Yes,Convenience,,,1,,,,,,,,,,,,,Senior,Off,Off,Off,Off,On,Off,Off,Off,Off,Off,Off,Off,Off,Off,Off,Off,Off,Off,Off,On,Off-campus BYU-contracted housing,,,,Provo,,2063,1537,Atlanta GA,Carpool with peers,,Male,,No,No,Fine Arts and Communications,,"Yes, on campus",Bachelor's degree,
2022-03-28 10:10:37,2022-03-28 10:13:02,IP Address,100,145,True,2022-03-28 10:13:03,R_vMN35DgkeqdzQnn,qr,EN,Drive alone,,06:40,21:00,Yes,"Parking availabliity,Convenience,Distance",3,,1,,,,,2,,,,,,,,Sophomore,Off,Off,Off,Off,On,Off,Off,Off,Off,Off,Off,Off,Off,Off,On,Off,Off,Off,Off,Off,Off-campus BYU-contracted housing,,,,Provo,,2640,2310,"Maple grove, mn ",Drive alone or with siblings,,Female,,No,No,International and Area Studies,,"Yes, off campus",Master's degree,
2022-03-28 10:10:18,2022-03-28 10:13:27,IP Address,100,189,True,2022-03-28 10:13:27,R_2a9sd8bliuHBh8X,qr,EN,Drive alone,,07:50,15:00,Yes,"Convenience,Flexibility,Distance,Mode availabililty,Travel Time",,,2,,,,5,1,,,,3,4,,,Senior,Off,Off,Off,Off,On,Off,Off,Off,Off,Off,Off,Off,Off,Off,On,Off,Off,Off,Off,Off,Non-BYU-contracted housing (including with family),,,,Orem,,,,Missouri,"Drive alone or with siblings,Carpool with peers,School bus",,Male,,Yes,No,Humanities,,"Yes, off campus",Bachelor's degree,
2022-03-28 10:11:30,2022-03-28 10:13:53,IP Address,100,143,True,2022-03-28 10:13:54,R_1l3u7weBeZQQbsh,qr,EN,Walk,,07:00,14:00,No,"Weather,Distance,Exercise,Personal preference,Mode availabililty",,,,,,5,,2,,3,4,1,,,,Senior,Off,Off,Off,Off,Off,On,Off,Off,Off,Off,Off,Off,Off,Off,Off,On,Off,Off,Off,Off,Off-campus BYU-contracted housing,,,,Provo,,2797,2100,"Charleston, Illinois","Drive alone or with siblings,Dropped off by parent or guardian",,Female,,No,No,Life Sciences,,"Yes, on campus",Doctorate or professional degree,
2022-03-28 10:12:33,2022-03-28 10:15:38,IP Address,100,184,True,2022-03-28 10:15:43,R_0wd1P7qnZjNepoZ,qr,EN,"Bicycle, scooter, skateboard, etc.",,08:41,12:01,No,"Convenience,Distance,Health,Exercise",,,1,,,,,2,4,3,,,,,,Senior,Off,Off,Off,Off,Off,On,Off,Off,Off,Off,Off,Off,On,Off,Off,Off,Off,Off,Off,Off,Off-campus BYU-contracted housing,,,,Provo,,2753,2357,"Logandale, NV",Drive alone or with siblings,,Female,,No,No,"Family, Home, and Social Sciences",,"Yes, on campus",Master's degree,
2022-03-28 10:14:53,2022-03-28 10:17:55,IP Address,100,182,True,2022-03-28 10:17:56,R_2DYntgpxOtHAIi1,qr,EN,Walk,,08:50,08:30,No,"Cost,Convenience,Flexibility,Mode availabililty",,2,3,,,,4,,,,,1,,,,Junior,Off,Off,On,Off,Off,Off,Off,Off,Off,Off,Off,Off,On,Off,Off,Off,Off,Off,Off,Off,Off-campus BYU-contracted housing,,,,Provo,,1660,1887,"Torinto, Ontario, Canada ","Drive alone or with siblings,Carpool with peers,Dropped off by parent or guardian,Public transportation",,Female,,No,No,"Family, Home, and Social Sciences",,No,Doctorate or professional degree,
2022-03-28 10:17:27,2022-03-28 10:21:34,IP Address,100,247,True,2022-03-28 10:21:35,R_RKcBBp9zeLGZ56h,qr,EN,Walk,,08:50,17:00,Yes,"Convenience,Distance,Health,Exercise,Personal preference",,,2,,,,,1,4,3,5,,,,,Junior,Off,Off,Off,On,Off,Off,Off,Off,Off,Off,Off,Off,Off,Off,Off,On,Off,Off,Off,Off,Off-campus BYU-contracted housing,,,,Provo,,2235,2244,"Firestone, CO, USA ","Carpool with peers,School bus,Walk",,Female,,No,No,Life Sciences,,"Yes, on campus",Master's degree,
2022-03-28 10:16:17,2022-03-28 10:23:16,IP Address,100,418,True,2022-03-28 10:23:16,R_UmWij6BSXbuDEUV,qr,EN,Walk,,08:20,15:00,Yes,"Parking availabliity,Cost,Convenience,Distance,Personal preference",3,2,4,,,,,1,,,5,,,,,Junior,Off,Off,Off,Off,On,Off,Off,Off,Off,Off,Off,Off,Off,On,Off,Off,Off,Off,Off,Off,Off-campus BYU-contracted housing,,,,Provo,,2374,2108,"Twin Falls, ID, US","Drive alone or with siblings,Dropped off by parent or guardian,Walk",,Female,,No,No,Engineering,,No,Doctorate or professional degree,
2022-03-28 10:23:14,2022-03-28 10:26:39,IP Address,100,205,True,2022-03-28 10:26:40,R_3QPOMbVRZIaLEm4,qr,EN,Carpool,,10:07,16:30,Yes,"Convenience,Distance,Mode availabililty",,,3,,,,,1,,,,2,,,,Junior,Off,Off,Off,Off,On,Off,Off,Off,Off,Off,Off,Off,Off,Off,On,Off,Off,Off,Off,Off,Non-BYU-contracted housing (including with family),,,,Orem,,,,"Idaho Falls, Idaho, United States","Bicycle, scooter, skateboard, etc.",,Female,,Yes,No,Fine Arts and Communications,,"Yes, off campus",Master's degree,
2022-03-28 10:24:43,2022-03-28 10:28:47,IP Address,100,243,True,2022-03-28 10:28:47,R_3fNzTsApIwLB3fE,qr,EN,Walk,,07:30,14:00,Yes,"Parking availabliity,Cost,Convenience,Distance,Exercise",1,2,3,,,,,5,,4,,,,,,Freshman,Off,Off,Off,Off,Off,On,Off,Off,Off,Off,Off,Off,Off,Off,On,Off,Off,Off,Off,Off,Non-BYU-contracted housing (including with family),,,,Orem,,,,"Roswell, NM, USA",Walk,,Male,,No,No,Business,,"Yes, on campus",Master's degree,
2022-03-28 10:26:53,2022-03-28 10:29:52,IP Address,100,178,True,2022-03-28 10:29:52,R_w0i4qbtSi6i8H4J,qr,EN,Walk,,09:50,12:50,Yes,"Parking availabliity,Distance",2,,,,,,,1,,,,,,,,Senior,Off,Off,Off,Off,On,Off,Off,Off,Off,Off,Off,Off,Off,Off,Off,Off,On,Off,Off,Off,Off-campus BYU-contracted housing,,,,Provo,,2699,1635,"St Louis Mo ",School bus,,Male,,No,No,Fine Arts and Communications,,"Yes, on campus",Doctorate or professional degree,
2022-03-28 10:26:53,2022-03-28 10:30:58,IP Address,100,244,True,2022-03-28 10:30:58,R_Agnuw630CXxtOKZ,qr,EN,Walk,,07:30,07:15,No,"Cost,Convenience,Distance,Exercise,Travel Time",,3,1,,,,,4,,2,,,5,,,Sophomore,Off,Off,On,Off,Off,Off,Off,Off,Off,Off,Off,Off,Off,Off,Off,Off,On,Off,Off,Off,Off-campus BYU-contracted housing,,,,Provo,,2067,1881,"Edmonton AB Canada ",School bus,,Female,,No,No,Other/Undeclared,,No,Master's degree,
2022-03-28 10:31:07,2022-03-28 10:33:22,IP Address,100,134,True,2022-03-28 10:33:23,R_3qfe3gBx1I83lPa,qr,EN,The Ryde shuttle bus,,09:00,14:12,Yes,"Parking availabliity,Convenience",2,,1,,,,,,,,,,,,,Sophomore,Off,Off,Off,Off,On,Off,Off,Off,Off,Off,Off,Off,Off,Off,On,Off,Off,Off,Off,Off,Off-campus BYU-contracted housing,,,,Provo,,1676,1200,"Montana ",Drive alone or with siblings,,Male,,No,No,International and Area Studies,,"Yes, off campus",Master's degree,
2022-03-28 10:30:34,2022-03-28 10:34:02,IP Address,100,207,True,2022-03-28 10:34:02,R_z68wLp7u6MsJiOR,qr,EN,Walk,,09:00,10:30,No,"Convenience,Distance,Health,Exercise,Personal preference",,,5,,,,,2,3,4,1,,,,,Junior,Off,Off,Off,Off,On,Off,Off,Off,Off,Off,Off,Off,On,Off,Off,Off,Off,Off,Off,Off,Off-campus BYU-contracted housing,,,,Provo,,2555,2423,"Las Vegas ",Drive alone or with siblings,,Female,,No,No,Life Sciences,,"Yes, both on and off campus",Master's degree,
2022-03-28 10:30:19,2022-03-28 10:34:49,IP Address,100,269,True,2022-03-28 10:34:49,R_2CVeBOduawdBhjN,qr,EN,Walk,,09:00,11:31,Yes,"Parking availabliity,Cost,Distance,Travel Time",3,4,,,,,,2,,,,,1,,,Sophomore,Off,Off,Off,Off,Off,On,Off,Off,Off,Off,Off,Off,Off,On,Off,Off,Off,Off,Off,Off,Off-campus BYU-contracted housing,,,,Provo,,2612,2376,"Las Vegas ",Drive alone or with siblings,,Male,,No,No,Life Sciences,,"Yes, off campus",Bachelor's degree,
2022-03-28 10:32:48,2022-03-28 10:37:34,IP Address,100,285,True,2022-03-28 10:37:34,R_1gd343CM1qqbBSd,qr,EN,Walk,,09:15,12:50,Yes,"Convenience,Weather,Flexibility,Distance,Mode availabililty",,,5,,,2,3,4,,,,1,,,,Junior,Off,Off,Off,On,Off,Off,Off,Off,Off,Off,Off,Off,Off,Off,On,Off,Off,Off,Off,Off,Off-campus BYU-contracted housing,,,,Provo,,2768,2177,"Beaverton, OR, USA",Drive alone or with siblings,,Female,,No,No,"Family, Home, and Social Sciences",,"Yes, off campus",Bachelor's degree,
2022-03-28 10:37:53,2022-03-28 10:42:16,IP Address,100,263,True,2022-03-28 10:42:16,R_2wpinS3wwO5sz8f,qr,EN,Drive alone,,,14:30,Yes,"Convenience,Weather,Travel Time",,,3,,,1,,,,,,,2,,,Faculty/Staff,Off,Off,Off,Off,Off,Off,Off,Off,Off,On,Off,Off,Off,Off,Off,Off,Off,Off,Off,On,,,,"Owned, Single Family",Other (specify):,,,,"American fork, utah",Drive alone or with siblings,,Female,,Yes,"Yes, 1",,Other,,Bachelor's degree,
2022-03-28 10:41:00,2022-03-28 10:43:49,IP Address,100,168,True,2022-03-28 10:43:49,R_D2HTfYb0zdHn5dv,qr,EN,Walk,,08:00,06:15,Yes,"Parking availabliity,Cost,Convenience,Distance,Personal preference",1,2,3,,,,,4,,,5,,,,,Junior,Off,Off,Off,Off,Off,On,Off,Off,Off,Off,Off,Off,Off,Off,Off,On,Off,Off,Off,Off,Off-campus BYU-contracted housing,,,,Provo,,2306,2289,"Mesa, az, usa",Drive alone or with siblings,,Male,,No,No,Physical and Mathematical Sciences,,"Yes, on campus",Master's degree,
2022-03-28 10:39:44,2022-03-28 10:44:18,IP Address,100,273,True,2022-03-28 10:44:18,R_2qaNEEoBKa9It4t,qr,EN,Walk,,10:20,05:30,No,"Safety,Distance,Health,Exercise",,,,1,,,,4,2,3,,,,,,Sophomore,Off,Off,Off,Off,Off,Off,On,Off,Off,Off,Off,Off,Off,Off,Off,Off,On,Off,Off,Off,On-campus housing,Heritage Halls,,,,,,,"California San Diego ",School bus,,Female,,No,No,Fine Arts and Communications,,"Yes, on campus",Some college,
2022-03-28 10:39:30,2022-03-28 10:44:25,IP Address,100,295,True,2022-03-28 10:44:25,R_AbR6m0DJdkbwnlf,qr,EN,UTA Transit (incl. UVX Bus),,07:30,20:00,Yes,"Cost,Convenience,Distance,Personal preference,Environmental concerns",,2,3,,,,,4,,,1,,,5,,Sophomore,Off,Off,On,Off,Off,Off,Off,Off,Off,Off,Off,Off,On,Off,Off,Off,Off,Off,Off,Off,Non-BYU-contracted housing (including with family),,,,Provo,,1615,1765,"Great Falls, MT USA",Drive alone or with siblings,,Female,,No,No,Fine Arts and Communications,,"Yes, on campus",Master's degree,
2022-03-28 10:43:19,2022-03-28 10:46:14,IP Address,100,174,True,2022-03-28 10:46:15,R_2SAL01dRrwbnT22,qr,EN,Walk,,10:00,03:00,Yes,"Convenience,Distance,Travel Time",,,1,,,,,2,,,,,3,,,Freshman,Off,Off,On,Off,Off,Off,Off,Off,Off,Off,Off,Off,Off,Off,On,Off,Off,Off,Off,Off,On-campus housing,Heritage Halls,,,,,,,"Murray, Utah ",Drive alone or with siblings,,Female,,No,No,Life Sciences,,No,Bachelor's degree,
2022-03-28 10:43:57,2022-03-28 10:47:55,IP Address,100,237,True,2022-03-28 10:47:55,R_6SxQyhkTkOwlGdb,qr,EN,Walk,,08:55,16:00,No,"Cost,Convenience,Flexibility,Distance,Personal preference",,1,3,,,,4,2,,,5,,,,,Freshman,Off,Off,Off,Off,Off,On,Off,Off,Off,Off,Off,Off,Off,Off,On,Off,Off,Off,Off,Off,On-campus housing,Heritage Halls,,,,,,,"Ammon, Idaho, US",Drive alone or with siblings,,Female,,No,No,Life Sciences,,No,Master's degree,
2022-03-28 10:46:56,2022-03-28 10:48:51,IP Address,100,114,True,2022-03-28 10:48:51,R_1IozjLvLAg3rJA4,qr,EN,The Ryde shuttle bus,,07:47,19:00,Yes,"Convenience,Safety,Environmental concerns",,,1,3,,,,,,,,,,2,,Senior,Off,Off,On,Off,Off,Off,Off,Off,Off,Off,Off,Off,On,Off,Off,Off,Off,Off,Off,Off,Off-campus BYU-contracted housing,,,,Provo,,1949,1031,"Houston, Texas",Carpool with peers,,Female,,No,No,Fine Arts and Communications,,"Yes, on campus",Bachelor's degree,
2022-03-28 10:46:59,2022-03-28 10:49:48,IP Address,100,168,True,2022-03-28 10:49:49,R_1Cj4rH1472DkX4A,qr,EN,Walk,,10:38,10:30,Yes,"Parking availabliity,Convenience,Flexibility,Distance,Exercise",4,,1,,,,2,3,,5,,,,,,Freshman,Off,Off,On,Off,Off,Off,Off,Off,Off,Off,Off,Off,On,Off,Off,Off,Off,Off,Off,Off,On-campus housing,Heritage Halls,,,,,,,Troy Michigan,"Drive alone or with siblings,Dropped off by parent or guardian",,Male,,No,No,Other/Undeclared,,"Yes, on campus",Bachelor's degree,
2022-03-28 10:48:17,2022-03-28 10:51:10,IP Address,100,173,True,2022-03-28 10:51:10,R_2uqY3YBkFCVOIDO,qr,EN,UTA Transit (incl. UVX Bus),,10:30,17:00,No,"Cost,Distance,Health,Mode availabililty",,4,,,,,,2,1,,,3,,,,Senior,Off,Off,On,Off,Off,Off,Off,Off,Off,Off,Off,Off,Off,Off,On,Off,Off,Off,Off,Off,Non-BYU-contracted housing (including with family),,,,Other (specify):,"Clearfield ",,,"Rexburg, Idaho, US",Walk,,Female,,No,No,Fine Arts and Communications,,No,Doctorate or professional degree,
2022-03-28 10:48:40,2022-03-28 10:51:18,IP Address,100,158,True,2022-03-28 10:51:19,R_2QnPy71FnP4ZTbu,qr,EN,Walk,,08:47,14:00,Yes,"Parking availabliity,Exercise,Travel Time",2,,,,,,,,,3,,,1,,,Junior,Off,Off,Off,Off,Off,Off,On,Off,Off,Off,Off,Off,Off,Off,On,Off,Off,Off,Off,Off,Off-campus BYU-contracted housing,,,,Provo,,2508,2187,"Kaysville, Utah, USA ",Drive alone or with siblings,,Female,,No,No,"Family, Home, and Social Sciences",,"Yes, on campus",Doctorate or professional degree,
2022-03-28 10:47:39,2022-03-28 10:51:21,IP Address,100,222,True,2022-03-28 10:51:21,R_2dRaQY5y6fvTU57,qr,EN,Walk,,10:40,16:15,Yes,"Parking availabliity,Distance",2,,,,,,,1,,,,,,,,Sophomore,Off,Off,On,Off,Off,Off,Off,Off,Off,Off,Off,On,Off,Off,Off,Off,Off,Off,Off,Off,Off-campus BYU-contracted housing,,,,Provo,,2162,2285,"Boise, ID, USA",Drive alone or with siblings,,Male,,No,No,Business,,"Yes, off campus",Bachelor's degree,
2022-03-28 10:48:40,2022-03-28 10:51:30,IP Address,100,170,True,2022-03-28 10:51:31,R_2dQpCN2jbguiWfK,qr,EN,Walk,,08:52,18:15,No,"Cost,Convenience",,1,2,,,,,,,,,,,,,Junior,Off,Off,Off,Off,Off,Off,Off,On,Off,Off,Off,Off,On,Off,Off,Off,Off,Off,Off,Off,Off-campus BYU-contracted housing,,,,Provo,,2837,2216,"Orem Utah, USA","Carpool with peers,School bus",,Female,,No,No,Business,,"Yes, on campus",Bachelor's degree,
2022-03-28 10:48:31,2022-03-28 10:52:15,IP Address,100,223,True,2022-03-28 10:52:15,R_2X7p6JFxTgxf050,qr,EN,Walk,,07:50,16:00,Yes,"Parking availabliity,Cost,Convenience,Distance,Travel Time",2,1,3,,,,,4,,,,,5,,,Freshman,Off,Off,Off,Off,On,Off,Off,Off,Off,Off,Off,Off,On,Off,Off,Off,Off,Off,Off,Off,Off-campus BYU-contracted housing,,,,Provo,,2384,2207,"Highland, Utah, United States","Drive alone or with siblings,School bus",,Male,,No,No,Business,,"Yes, off campus",Master's degree,
2022-03-28 10:50:57,2022-03-28 10:53:15,IP Address,100,137,True,2022-03-28 10:53:15,R_2rpRNoNczcMufMb,qr,EN,Walk,,09:45,14:00,Yes,"Parking availabliity,Travel Time",1,,,,,,,,,,,,2,,,Junior,Off,Off,On,Off,Off,Off,Off,Off,Off,Off,Off,Off,Off,Off,Off,Off,Off,On,Off,Off,Off-campus BYU-contracted housing,,,,Provo,,1853,2294,montana,Drive alone or with siblings,,Female,,No,No,,,,,
2022-03-28 10:50:38,2022-03-28 10:53:19,IP Address,100,161,True,2022-03-28 10:53:20,R_DMJSHvOJ7rjNRkZ,qr,EN,Drive alone,,07:55,11:20,Yes,"Convenience,Privacy,Weather,Flexibility,Distance",,,2,,5,4,1,3,,,,,,,,Senior,Off,Off,Off,Off,Off,Off,On,Off,Off,Off,Off,Off,Off,Off,Off,Off,On,Off,Off,Off,On-campus housing,Wymount Terrace,,,,,,,"San Antonio, TX, USA","Drive alone or with siblings,Dropped off by parent or guardian",,Female,,Yes,No,Life Sciences,,"Yes, off campus",Master's degree,
2022-03-28 10:53:23,2022-03-28 10:56:43,IP Address,100,199,True,2022-03-28 10:56:43,R_3EyeM6usvfrTL4v,qr,EN,Walk,,,18:00,Yes,"Parking availabliity,Cost,Personal preference,Travel Time,Environmental concerns",3,4,,,,,,,,,1,,5,2,,Junior,Off,Off,Off,On,Off,Off,Off,Off,Off,Off,Off,Off,Off,Off,Off,On,Off,Off,Off,Off,Off-campus BYU-contracted housing,,,,Provo,,1763,1783,"Menan, ID","Drive alone or with siblings,School bus",,Male,,No,No,Physical and Mathematical Sciences,,"Yes, off campus",Bachelor's degree,
2022-03-28 10:52:10,2022-03-28 10:57:56,IP Address,100,346,True,2022-03-28 10:57:57,R_2Xp0drcNGPjQqx4,qr,EN,Walk,,10:00,17:00,No,"Convenience,Safety,Distance,Travel Time,Environmental concerns",,,3,5,,,,1,,,,,2,4,,Senior,Off,Off,On,Off,Off,Off,Off,Off,Off,Off,Off,Off,Off,On,Off,Off,Off,Off,Off,Off,Off-campus BYU-contracted housing,,,,Provo,,2712,2135,"Folsom, CA, USA","Drive alone or with siblings,Carpool with peers",,Male,,No,No,Engineering,,"Yes, on campus",Master's degree,
2022-03-28 10:56:34,2022-03-28 10:59:07,IP Address,100,152,True,2022-03-28 10:59:07,R_1ptVPxWfgTDyg4V,qr,EN,The Ryde shuttle bus,,09:48,17:20,Yes,"Parking availabliity,Cost,Convenience,Flexibility",1,2,3,,,,4,,,,,,,,,Sophomore,Off,Off,Off,Off,Off,On,Off,Off,Off,Off,Off,Off,On,Off,Off,Off,Off,Off,Off,Off,On-campus housing,Wyview Park,,,,,,,"Allen, Texas",Drive alone or with siblings,,Male,,No,No,Physical and Mathematical Sciences,,No,Master's degree,
2022-03-28 10:57:55,2022-03-28 11:00:06,IP Address,100,131,True,2022-03-28 11:00:06,R_1n3pysHToif4ivj,qr,EN,Walk,,09:02,19:58,No,"Parking availabliity,Cost,Convenience,Distance,Mode availabililty",4,2,5,,,,,3,,,,1,,,,Freshman,Off,Off,On,Off,Off,Off,Off,Off,Off,Off,Off,Off,On,Off,Off,Off,Off,Off,Off,Off,Off-campus BYU-contracted housing,,,,Provo,,2276,2091,"Connecticut ","Dropped off by parent or guardian,School bus,Walk",,Female,,No,No,Other/Undeclared,,"Yes, off campus",Master's degree,
2022-03-28 10:56:50,2022-03-28 11:00:28,IP Address,100,217,True,2022-03-28 11:00:29,R_3ORBnMzAtKeznZ7,qr,EN,Carpool,,09:00,19:30,Yes,"Parking availabliity,Convenience,Weather,Personal preference,Travel Time",5,,2,,,1,,,,,3,,4,,,Junior,Off,Off,Off,Off,Off,On,Off,Off,Off,Off,Off,Off,Off,Off,Off,On,Off,Off,Off,Off,Non-BYU-contracted housing (including with family),,,,Provo,,1862,1753,"Bountiful, UT, United States","Drive alone or with siblings,Carpool with peers",,Female,,Yes,No,Life Sciences,,"Yes, on campus",Doctorate or professional degree,
2022-03-28 10:43:37,2022-03-28 10:45:42,IP Address,100,124,True,2022-03-28 11:00:51,R_Xzdy21tKNqRf0HL,qr,EN,The Ryde shuttle bus,,08:48,11:00,No,"Convenience,Distance,Mode availabililty",,,2,,,,,1,,,,3,,,,Junior,Off,Off,Off,Off,On,Off,Off,Off,Off,Off,Off,Off,Off,Off,On,Off,Off,Off,Off,Off,On-campus housing,Foreign Language Student Residence (FLSR),,,,,,,"Rochester, NY, USA","Drive alone or with siblings,Dropped off by parent or guardian",,Female,,No,No,Life Sciences,,"Yes, on campus",Doctorate or professional degree,
2022-03-28 10:57:38,2022-03-28 11:01:10,IP Address,100,211,True,2022-03-28 11:01:10,R_3dNdI3VgzZ3UkdF,qr,EN,"Bicycle, scooter, skateboard, etc.",,09:30,06:30,Yes,"Parking availabliity,Cost,Health,Exercise",2,1,,,,,,,4,3,,,,,,Senior,Off,Off,Off,On,Off,Off,Off,Off,Off,Off,Off,Off,Off,On,Off,Off,Off,Off,Off,Off,Non-BYU-contracted housing (including with family),,,,Orem,,,,"Corvallis, Oregon, USA",Drive alone or with siblings,,Male,,No,No,Engineering,,,Master's degree,
2022-03-28 10:58:32,2022-03-28 11:01:38,IP Address,100,185,True,2022-03-28 11:01:38,R_3kB9ATuKcrRCsDh,qr,EN,UTA Transit (incl. UVX Bus),,08:50,16:00,Yes,"Parking availabliity,Cost,Convenience,Personal preference,Travel Time",2,3,1,,,,,,,,4,,5,,,Senior,Off,Off,Off,Off,On,Off,Off,Off,Off,Off,Off,Off,Off,Off,On,Off,Off,Off,Off,Off,Non-BYU-contracted housing (including with family),,,,Provo,,1579,2921,Port St Lucie FL USA,"Drive alone or with siblings,Dropped off by parent or guardian,School bus,Bicycle, scooter, skateboard, etc.,Walk",,Female,,Yes,No,Fine Arts and Communications,,No,Some college,
2022-03-28 11:00:08,2022-03-28 11:03:27,IP Address,100,198,True,2022-03-28 11:03:27,R_7UkjLc8mpufg5yN,qr,EN,"Bicycle, scooter, skateboard, etc.",,09:00,14:00,Yes,"Parking availabliity,Cost,Convenience,Flexibility,Mode availabililty",1,2,3,,,,4,,,,,5,,,,Junior,Off,Off,Off,Off,Off,Off,On,Off,Off,Off,Off,Off,On,Off,Off,Off,Off,Off,Off,Off,Off-campus BYU-contracted housing,,,,Provo,,2188,2374,PA,Drive alone or with siblings,,Male,,No,No,Humanities,,"Yes, both on and off campus",Bachelor's degree,
2022-03-28 11:00:58,2022-03-28 11:03:28,IP Address,100,149,True,2022-03-28 11:03:28,R_2OYMraFggHx5lV1,qr,EN,The Ryde shuttle bus,,08:50,14:00,Yes,"Parking availabliity,Distance,Personal preference,Mode availabililty",1,,,,,,,2,,,4,3,,,,Senior,Off,Off,Off,Off,Off,Off,On,Off,Off,Off,Off,Off,On,Off,Off,Off,Off,Off,Off,Off,Off-campus BYU-contracted housing,,,,Provo,,3035,1121,"Virginia ","Dropped off by parent or guardian,School bus",,Female,,Yes,No,International and Area Studies,,"Yes, off campus",Master's degree,
2022-03-28 11:01:05,2022-03-28 11:03:55,IP Address,100,169,True,2022-03-28 11:03:55,R_Rn1fwUWMR4Duwjn,qr,EN,Carpool,,09:25,05:15,Yes,Convenience,,,1,,,,,,,,,,,,,Senior,On,Off,Off,Off,Off,Off,Off,Off,Off,Off,Off,Off,Off,Off,On,Off,Off,Off,Off,Off,On-campus housing,Wymount Terrace,,,,,,,"Mesa, AZ, USA","Dropped off by parent or guardian,School bus,Walk",,Female,,Yes,No,Humanities,,"Yes, on campus",Master's degree,
2022-03-28 11:04:03,2022-03-28 11:07:38,IP Address,100,215,True,2022-03-28 11:07:38,R_2wi7W71gGvQViDY,qr,EN,Walk,,08:47,18:15,No,"Parking availabliity,Convenience,Health,Exercise,Personal preference",1,,5,,,,,,4,3,2,,,,,Freshman,Off,Off,On,Off,Off,Off,Off,Off,Off,Off,Off,Off,Off,Off,Off,Off,On,Off,Off,Off,On-campus housing,Heritage Halls,,,,,,,"Lakeville, MN, USA","Drive alone or with siblings,Dropped off by parent or guardian",,Female,,No,No,Humanities,,No,Bachelor's degree,
2022-03-28 11:06:10,2022-03-28 11:08:01,IP Address,100,110,True,2022-03-28 11:08:01,R_d6888x9Q8LkTLgJ,qr,EN,Walk,,08:00,16:05,No,"Cost,Mode availabililty",,2,,,,,,,,,,1,,,,Junior,Off,Off,Off,Off,On,Off,Off,Off,Off,Off,Off,Off,On,Off,Off,Off,Off,Off,Off,Off,Off-campus BYU-contracted housing,,,,Provo,,1622,1867,"New Jersey ",Drive alone or with siblings,,Female,,No,No,International and Area Studies,,"Yes, on campus",Master's degree,
2022-03-28 11:05:48,2022-03-28 11:09:00,IP Address,100,192,True,2022-03-28 11:09:00,R_0dfOfqoo69uOqGJ,qr,EN,Drive alone,,09:45,18:00,Yes,"Parking availabliity,Convenience,Flexibility,Health,Travel Time",2,,4,,,,3,,1,,,,5,,,Junior,Off,Off,Off,On,Off,Off,Off,Off,Off,Off,Off,Off,Off,Off,Off,Off,On,Off,Off,Off,On-campus housing,Wyview Park,,,,,,,"Bluffdale, UT, USA","Drive alone or with siblings,Dropped off by parent or guardian,Public transportation",,Female,,No,No,Engineering,,"Yes, on campus",Some college,
2022-03-28 11:07:17,2022-03-28 11:09:18,IP Address,100,120,True,2022-03-28 11:09:18,R_3ncQSBuB0E05ua3,qr,EN,Drive alone,,11:07,11:30,Yes,Convenience,,,1,,,,,,,,,,,,,Junior,Off,Off,Off,Off,On,Off,Off,Off,Off,Off,Off,Off,On,Off,Off,Off,Off,Off,Off,Off,On-campus housing,Wymount Terrace,,,,,,,Slc ut,Drive alone or with siblings,,Female,,Yes,No,Business,,"Yes, on campus",No college/post-secondary education,
2022-03-28 11:08:02,2022-03-28 11:10:06,IP Address,100,124,True,2022-03-28 11:10:06,R_XyTAKJZkrUZQG7D,qr,EN,Walk,,08:01,15:00,Yes,Parking availabliity,1,,,,,,,,,,,,,,,Freshman,Off,Off,Off,Off,Off,Off,On,Off,Off,Off,Off,Off,Off,Off,Off,On,Off,Off,Off,Off,On-campus housing,Heritage Halls,,,,,,,"missouri ",Drive alone or with siblings,,Female,,No,No,Life Sciences,,"Yes, on campus",Bachelor's degree,
2022-03-28 11:08:25,2022-03-28 11:11:02,IP Address,100,156,True,2022-03-28 11:11:02,R_3p5OuO8pJzZTmjn,qr,EN,Drive alone,,11:08,11:08,Yes,Parking availabliity,1,,,,,,,,,,,,,,,Senior,Off,Off,Off,Off,Off,Off,Off,Off,Off,On,Off,Off,Off,Off,Off,Off,On,Off,Off,Off,Off-campus BYU-contracted housing,,,,Provo,,1200,2356,Montana,"Drive alone or with siblings,School bus",,Male,,No,No,Fine Arts and Communications,,"Yes, on campus",Some college,
2022-03-28 11:07:34,2022-03-28 11:11:16,IP Address,100,222,True,2022-03-28 11:11:16,R_3e4XqQGCvcHr1oW,qr,EN,Walk,,08:50,08:39,No,"Convenience,Distance,Health,Exercise,Mode availabililty",,,1,,,,,2,3,4,,5,,,,Sophomore,Off,Off,Off,Off,Off,On,Off,Off,Off,Off,Off,Off,Off,Off,Off,On,Off,Off,Off,Off,Off-campus BYU-contracted housing,,,,Provo,,2369,2235,"Keizer, oregon, marrion country",Drive alone or with siblings,,Male,,No,No,Life Sciences,,No,Master's degree,
2022-03-28 11:08:34,2022-03-28 11:11:20,IP Address,100,165,True,2022-03-28 11:11:20,R_21zzPk16kK7BGz9,qr,EN,Walk,,09:00,19:08,No,Parking availabliity,1,,,,,,,,,,,,,,,Freshman,Off,Off,Off,Off,On,Off,Off,Off,Off,Off,Off,Off,Off,Off,Off,Off,Off,Off,On,Off,Off-campus BYU-contracted housing,,,,Provo,,2453,2226,Wisconsin,Drive alone or with siblings,,Male,,No,No,Life Sciences,,"Yes, on campus",Doctorate or professional degree,
2022-03-28 11:05:37,2022-03-28 11:11:42,IP Address,100,364,True,2022-03-28 11:11:42,R_2D6md1rLZpa2H2W,qr,EN,"Bicycle, scooter, skateboard, etc.",,07:00,18:00,Yes,"Cost,Mode availabililty",,1,,,,,,,,,,2,,,,Sophomore,Off,Off,On,Off,Off,Off,Off,Off,Off,Off,Off,Off,Off,Off,Off,On,Off,Off,Off,Off,On-campus housing,Wymount Terrace,,,,,,,"Colorado Springs, CO United States",Drive alone or with siblings,,Male,,Yes,No,Life Sciences,,"Yes, on campus",Master's degree,
2022-03-28 11:09:55,2022-03-28 11:13:04,IP Address,100,189,True,2022-03-28 11:13:04,R_3UV6Sx6ibVNlmBr,qr,EN,Walk,,09:40,13:00,Yes,"Convenience,Weather,Health,Exercise,Personal preference",,,3,,,2,,,4,5,1,,,,,Freshman,Off,Off,Off,Off,Off,Off,Off,On,Off,Off,Off,Off,Off,Off,Off,On,Off,Off,Off,Off,Off-campus BYU-contracted housing,,,,Provo,,2867,2300,"Coupeville, WA, USA","Drive alone or with siblings,Dropped off by parent or guardian,School bus",,Male,,No,No,Physical and Mathematical Sciences,,No,Master's degree,
2022-03-28 11:11:17,2022-03-28 11:13:47,IP Address,100,150,True,2022-03-28 11:13:48,R_23a7uFhEupynPbi,qr,EN,Walk,,09:09,11:00,Yes,Parking availabliity,1,,,,,,,,,,,,,,,Senior,Off,On,Off,Off,Off,Off,Off,Off,Off,Off,Off,Off,Off,Off,Off,Off,Off,On,Off,Off,Non-BYU-contracted housing (including with family),,,,Provo,,1980,2121,Sterling VA,School bus,,Female,,Yes,No,International and Area Studies,,"Yes, on campus",Some college,
2022-03-28 11:10:33,2022-03-28 11:15:01,IP Address,100,267,True,2022-03-28 11:15:01,R_2Etp17PbdesQkj4,qr,EN,Drive alone,,08:15,14:00,Yes,Weather,,,,,,1,,,,,,,,,,Junior,Off,Off,On,Off,Off,Off,Off,Off,Off,Off,Off,Off,On,Off,Off,Off,Off,Off,Off,Off,Non-BYU-contracted housing (including with family),,,,Orem,,,,Orem utah,Drive alone or with siblings,,Male,,Yes,"Yes, 1",Physical and Mathematical Sciences,,"Yes, off campus",Bachelor's degree,
2022-03-28 11:11:13,2022-03-28 11:15:13,IP Address,100,240,True,2022-03-28 11:15:13,R_5AXIMEkSgcwWfiF,qr,EN,Walk,,09:11,18:45,Yes,"Parking availabliity,Convenience,Distance,Exercise,Personal preference",4,,5,,,,,2,,3,1,,,,,Junior,Off,Off,Off,Off,Off,On,Off,Off,Off,Off,Off,Off,Off,Off,Off,Off,Off,On,Off,Off,Non-BYU-contracted housing (including with family),,,,Provo,,1999,1933,Virginia,"Drive alone or with siblings,Dropped off by parent or guardian",,Male,,Yes,No,Fine Arts and Communications,,"Yes, both on and off campus",Master's degree,
2022-03-28 11:07:30,2022-03-28 11:16:10,IP Address,100,520,True,2022-03-28 11:16:11,R_1IXIZYXnFBrr4UH,qr,EN,Drive alone,,08:45,20:30,Yes,"Convenience,Weather,Flexibility,Distance,Travel Time",,,2,,,5,3,4,,,,,1,,,Sophomore,Off,On,Off,Off,Off,Off,Off,Off,Off,Off,On,Off,Off,Off,Off,Off,Off,Off,Off,Off,Off-campus BYU-contracted housing,,,,Provo,,1794,1722,"Hillsboro, OR, USA","Drive alone or with siblings,Walk",,Female,,No,No,Engineering,,No,Master's degree,
2022-03-28 11:11:37,2022-03-28 11:17:42,IP Address,100,365,True,2022-03-28 11:17:43,R_pMCSVlqpOgnHfcR,qr,EN,Dropped off by someone else,,09:50,11:30,Yes,"Convenience,Distance,Personal preference,Travel Time",,,1,,,,,3,,,4,,2,,,Senior,Off,Off,Off,Off,On,Off,Off,Off,Off,Off,Off,Off,Off,Off,On,Off,Off,Off,Off,Off,Off-campus BYU-contracted housing,,,,Provo,,2876,2315,Los Angeles/Houston,"Drive alone or with siblings,Carpool with peers,Dropped off by parent or guardian",,Male,,No,No,Fine Arts and Communications,,"Yes, both on and off campus",Master's degree,
2022-03-28 11:14:03,2022-03-28 11:19:00,IP Address,100,296,True,2022-03-28 11:19:00,R_WxGMdRsylkxXtJv,qr,EN,Dropped off by someone else,,11:00,21:00,No,"Convenience,Distance,Travel Time",,,3,,,,,1,,,,,2,,,Senior,Off,Off,On,Off,Off,Off,Off,Off,Off,Off,Off,Off,On,Off,Off,Off,Off,Off,Off,Off,Non-BYU-contracted housing (including with family),,,,Provo,,2768,3073,"Elkton, MD, United States","Drive alone or with siblings,Dropped off by parent or guardian,School bus",,Female,,Yes,No,"Family, Home, and Social Sciences",,"Yes, on campus",Some college,
2022-03-28 11:16:54,2022-03-28 11:19:53,IP Address,100,178,True,2022-03-28 11:19:54,R_3M4re8SNr5abUuY,qr,EN,Walk,,11:10,17:00,No,"Convenience,Weather,Distance,Personal preference,Mode availabililty",,,2,,,3,,4,,,5,1,,,,Senior,Off,Off,On,Off,Off,Off,Off,Off,Off,Off,Off,Off,Off,Off,On,Off,Off,Off,Off,Off,Off-campus BYU-contracted housing,,,,Provo,,2226,2207,"New Hampshire ",Drive alone or with siblings,,Female,,No,No,Education,,"Yes, on campus",Master's degree,
2022-03-28 11:16:53,2022-03-28 11:22:28,IP Address,100,334,True,2022-03-28 11:22:28,R_1f41ZtJs3BygKJz,qr,EN,"Bicycle, scooter, skateboard, etc.",,09:15,05:15,Yes,"Cost,Convenience,Flexibility,Exercise,Environmental concerns",,5,1,,,,2,,,4,,,,3,,Sophomore,Off,Off,Off,Off,On,Off,Off,Off,Off,Off,Off,Off,Off,Off,Off,On,Off,Off,Off,Off,On-campus housing,Foreign Language Student Residence (FLSR),,,,,,,"Las Vegas, Nevada, Usa","Dropped off by parent or guardian,School bus",,Male,,No,No,Physical and Mathematical Sciences,,"Yes, on campus",Doctorate or professional degree,
2022-03-28 11:22:56,2022-03-28 11:26:10,IP Address,100,193,True,2022-03-28 11:26:10,R_3ptpQQAUuiZFSPk,qr,EN,The Ryde shuttle bus,,08:45,00:00,No,"Convenience,Distance",,,1,,,,,2,,,,,,,,Junior,Off,Off,Off,Off,On,Off,Off,Off,Off,Off,Off,Off,On,Off,Off,Off,Off,Off,Off,Off,Off-campus BYU-contracted housing,,,,Provo,,1562,1253,"Korea ",Walk,,Female,,No,No,Physical and Mathematical Sciences,,"Yes, on campus",No college/post-secondary education,
2022-03-28 11:25:05,2022-03-28 11:28:47,IP Address,100,222,True,2022-03-28 11:28:48,R_1hHeRUBqgZrFsZo,qr,EN,Walk,,09:00,05:00,Yes,"Parking availabliity,Cost,Convenience",2,1,3,,,,,,,,,,,,,Senior,Off,Off,Off,Off,Off,On,Off,Off,Off,Off,Off,Off,Off,Off,On,Off,Off,Off,Off,Off,Non-BYU-contracted housing (including with family),,,,Provo,,2216,2451,"Redlands,CA, US","Drive alone or with siblings,Carpool with peers",,Male,,Yes,No,Life Sciences,,"Yes, off campus",Master's degree,
2022-03-28 11:33:26,2022-03-28 11:37:12,IP Address,100,226,True,2022-03-28 11:37:13,R_1eCPzEyNzV6wgSF,qr,EN,Walk,,10:28,18:00,No,"Exercise,Personal preference,Mode availabililty",,,,,,,,,,2,1,3,,,,Junior,Off,Off,Off,Off,Off,Off,Off,On,Off,Off,Off,Off,Off,Off,Off,Off,On,Off,Off,Off,Off-campus BYU-contracted housing,,,,Provo,,1832,1616,"Lancaster,PA, USA",Drive alone or with siblings,,Female,,No,No,"Family, Home, and Social Sciences",,"Yes, on campus",Doctorate or professional degree,
2022-03-28 11:34:42,2022-03-28 11:37:30,IP Address,100,168,True,2022-03-28 11:37:31,R_1n7LEddajSKRwWg,qr,EN,Walk,,09:30,16:30,Yes,"Parking availabliity,Cost,Health,Exercise,Personal preference",1,2,,,,,,,4,5,3,,,,,Freshman,Off,Off,Off,Off,Off,Off,On,Off,Off,Off,Off,Off,On,Off,Off,Off,Off,Off,Off,Off,Off-campus BYU-contracted housing,,,,Provo,,2610,2463,"Atlanta Georgia ",Walk,,Male,,No,No,Business,,"Yes, both on and off campus",Doctorate or professional degree,
2022-03-28 11:37:44,2022-03-28 11:40:05,IP Address,100,141,True,2022-03-28 11:40:06,R_daGGiJOyGITZ2Rb,qr,EN,The Ryde shuttle bus,,10:15,22:00,No,"Convenience,Weather,Distance,Mode availabililty,Environmental concerns",,,2,,,3,,4,,,,5,,1,,Junior,Off,Off,Off,Off,On,Off,Off,Off,Off,Off,Off,Off,On,Off,Off,Off,Off,Off,Off,Off,Off-campus BYU-contracted housing,,,,Provo,,2649,2385,"New Providence, New Jersey","Drive alone or with siblings,Carpool with peers,Dropped off by parent or guardian",,Female,,No,No,"Family, Home, and Social Sciences",,"Yes, on campus",Master's degree,
2022-03-28 11:43:09,2022-03-28 11:45:51,IP Address,100,162,True,2022-03-28 11:45:51,R_3RqpU45KasoDaoN,qr,EN,The Ryde shuttle bus,,08:45,13:00,No,"Convenience,Distance,Mode availabililty,Travel Time",,,2,,,,,4,,,,1,3,,,Junior,Off,Off,Off,Off,Off,On,Off,Off,Off,Off,Off,Off,Off,Off,On,Off,Off,Off,Off,Off,Off-campus BYU-contracted housing,,,,Provo,,1579,1376,"Aldie, VA","Carpool with peers,Dropped off by parent or guardian,School bus",,Female,,No,No,Humanities,,No,Master's degree,
2022-03-28 11:44:26,2022-03-28 11:46:31,IP Address,100,124,True,2022-03-28 11:46:31,R_uqQDVUSsaIdBq5H,qr,EN,The Ryde shuttle bus,,08:45,17:30,Yes,"Cost,Convenience,Distance",,2,1,,,,,3,,,,,,,,Junior,Off,Off,Off,Off,On,Off,Off,Off,Off,Off,Off,Off,Off,Off,On,Off,Off,Off,Off,Off,Off-campus BYU-contracted housing,,,,Provo,,1579,1235,"Seattle, WA, USA",Dropped off by parent or guardian,,Male,,Yes,No,Physical and Mathematical Sciences,,"Yes, both on and off campus",Master's degree,
2022-03-28 11:41:53,2022-03-28 11:47:48,IP Address,100,354,True,2022-03-28 11:47:49,R_3EcZkX73SpS3ngl,qr,EN,Dropped off by someone else,,09:50,17:00,No,"Cost,Convenience,Mode availabililty",,3,2,,,,,,,,,1,,,,Junior,Off,Off,Off,On,Off,Off,Off,Off,Off,Off,Off,Off,Off,On,Off,Off,Off,Off,Off,Off,Off-campus BYU-contracted housing,,,,Provo,,1872,1316,"Los Alamos, New Mexico, USA",Dropped off by parent or guardian,,Male,,No,No,Engineering,,"Yes, on campus",Doctorate or professional degree,
2022-03-28 11:46:54,2022-03-28 11:49:03,IP Address,100,129,True,2022-03-28 11:49:04,R_10xEHfAOhBoFYEX,qr,EN,Walk,,09:50,16:30,Yes,"Weather,Distance,Personal preference",,,,,,3,,1,,,2,,,,,Sophomore,Off,Off,Off,Off,On,Off,Off,Off,Off,Off,Off,Off,Off,Off,Off,Off,On,Off,Off,Off,Off-campus BYU-contracted housing,,,,Provo,,2341,2269,"Idaho Falls, Idaho",Dropped off by parent or guardian,,Male,,No,No,Physical and Mathematical Sciences,,No,Bachelor's degree,
2022-03-28 11:46:48,2022-03-28 11:49:58,IP Address,100,189,True,2022-03-28 11:49:59,R_3kzzWrz23ADlmP1,qr,EN,Walk,,10:00,13:30,Yes,"Convenience,Distance,Health,Exercise,Personal preference",,,2,,,,,1,3,4,5,,,,,Freshman,Off,Off,On,Off,Off,Off,Off,Off,Off,Off,Off,Off,On,Off,Off,Off,Off,Off,Off,Off,On-campus housing,Heritage Halls,,,,,,,NM,School bus,,Male,,No,No,Fine Arts and Communications,,No,Doctorate or professional degree,
2022-03-28 11:48:07,2022-03-28 11:51:24,IP Address,100,196,True,2022-03-28 11:51:24,R_5je2gibDMXJzq93,qr,EN,Walk,,08:55,12:45,Yes,"Cost,Convenience,Weather,Exercise",,2,4,,,1,,,,3,,,,,,Sophomore,Off,Off,Off,Off,Off,On,Off,Off,Off,Off,Off,Off,On,Off,Off,Off,Off,Off,Off,Off,Off-campus BYU-contracted housing,,,,Provo,,2027,1989,"Detroit, MI",Drive alone or with siblings,,Female,,No,No,Humanities,,"Yes, off campus",Associate's degree,
2022-03-28 11:48:47,2022-03-28 11:52:20,IP Address,100,213,True,2022-03-28 11:52:20,R_3psROIp6l9nRDS2,qr,EN,Drive alone,,11:35,03:30,Yes,"Cost,Convenience,Flexibility,Distance,Travel Time",,4,1,,,,3,5,,,,,2,,,Freshman,Off,Off,On,Off,Off,Off,Off,Off,Off,Off,Off,Off,Off,Off,Off,On,Off,Off,Off,Off,Off-campus BYU-contracted housing,,,,Provo,,2197,2443,"Cardston, alberta, Canada",Drive alone or with siblings,,Male,,No,No,"Family, Home, and Social Sciences",,"Yes, on campus",Master's degree,
2022-03-28 11:12:26,2022-03-28 11:52:45,IP Address,100,2419,True,2022-03-28 11:52:46,R_OBgM5p3uMJIyX61,qr,EN,Drive alone,,09:25,12:00,Yes,"Convenience,Privacy,Flexibility,Travel Time",,,2,,4,,1,,,,,,3,,,Junior,Off,Off,Off,Off,On,Off,Off,Off,Off,Off,Off,Off,On,Off,Off,Off,Off,Off,Off,Off,Off-campus BYU-contracted housing,,,,Provo,,2065,1169,"Ibarra, Ecuador",Drive alone or with siblings,,Male,,No,No,Business,,"Yes, on campus",Bachelor's degree,
2022-03-28 11:50:02,2022-03-28 11:54:00,IP Address,100,237,True,2022-03-28 11:54:00,R_SE3bTgZbhk7G6ch,qr,EN,Drive alone,,07:55,12:00,Yes,Convenience,,,1,,,,,,,,,,,,,Sophomore,Off,Off,Off,Off,On,Off,Off,Off,Off,Off,Off,Off,Off,On,Off,Off,Off,Off,Off,Off,Non-BYU-contracted housing (including with family),,,,Orem,,,,Orem,Drive alone or with siblings,,Male,,No,No,Business,,"Yes, off campus",Doctorate or professional degree,
2022-03-28 11:52:01,2022-03-28 11:54:21,IP Address,100,139,True,2022-03-28 11:54:21,R_3hu5NZtkoKjkohz,qr,EN,Walk,,08:53,17:00,No,"Parking availabliity,Convenience,Exercise,Personal preference,Travel Time",5,,4,,,,,,,3,2,,1,,,Freshman,Off,Off,On,Off,Off,Off,Off,Off,Off,Off,Off,Off,Off,Off,On,Off,Off,Off,Off,Off,On-campus housing,Heritage Halls,,,,,,,Meridian ID,"Drive alone or with siblings,Carpool with peers",,Female,,No,No,Business,,"Yes, on campus",Master's degree,
2022-03-28 11:52:26,2022-03-28 11:54:38,IP Address,100,131,True,2022-03-28 11:54:39,R_1NrUWVfqCEWIXVV,qr,EN,Walk,,08:52,08:40,Yes,"Cost,Health",,1,,,,,,,2,,,,,,,Freshman,Off,Off,Off,On,Off,Off,Off,Off,Off,Off,Off,Off,Off,Off,On,Off,Off,Off,Off,Off,Off-campus BYU-contracted housing,,,,Provo,,2281,2467,"Kuna, ID, USA",Drive alone or with siblings,,Male,,No,No,Engineering,,No,Master's degree,
2022-03-28 11:51:41,2022-03-28 11:55:09,IP Address,100,208,True,2022-03-28 11:55:09,R_125p8rZc7DHejAY,qr,EN,Drive alone,,07:52,15:00,Yes,"Convenience,Travel Time",,,1,,,,,,,,,,2,,,Faculty/Staff,Off,Off,Off,Off,On,Off,Off,Off,Off,Off,Off,Off,Off,Off,On,Off,Off,Off,Off,Off,,,,"Owned, Single Family",Springville,,,,,Drive alone or with siblings,,Male,,Yes,"Yes, more than 1",,"Family, Home, and Social Sciences",,Doctorate or professional degree,
2022-03-28 11:52:53,2022-03-28 11:55:32,IP Address,100,159,True,2022-03-28 11:55:33,R_2Y3xDBr9dzc4mDi,qr,EN,Walk,,07:40,17:00,Yes,"Convenience,Distance,Health,Exercise,Personal preference",,,1,,,,,3,5,4,2,,,,,Junior,Off,Off,Off,Off,On,Off,Off,Off,Off,Off,Off,Off,Off,Off,On,Off,Off,Off,Off,Off,Off-campus BYU-contracted housing,,,,Provo,,2590,2431,"Philadelphia, PA, USA","Carpool with peers,School bus",,Male,,No,No,"Family, Home, and Social Sciences",,"Yes, on campus",Master's degree,
2022-03-28 11:52:17,2022-03-28 11:55:34,IP Address,100,196,True,2022-03-28 11:55:34,R_a4Yuoeuofxz4h21,qr,EN,Dropped off by someone else,,07:40,18:00,Yes,"Convenience,Mode availabililty",,,1,,,,,,,,,2,,,,Sophomore,Off,Off,Off,On,Off,Off,Off,Off,Off,Off,On,Off,Off,Off,Off,Off,Off,Off,Off,Off,Non-BYU-contracted housing (including with family),,,,Provo,,2621,2923,"West Jordan, UT, USA","Drive alone or with siblings,Walk",,Male,,Yes,No,Engineering,,"Yes, off campus",Bachelor's degree,
2022-03-28 11:52:32,2022-03-28 11:56:10,IP Address,100,217,True,2022-03-28 11:56:10,R_10UgKRgEIPE5KYN,qr,EN,Walk,,07:55,16:00,Yes,"Parking availabliity,Cost,Health,Exercise,Personal preference",3,1,,,,,,,2,4,5,,,,,Freshman,Off,Off,Off,Off,Off,On,Off,Off,Off,Off,Off,Off,On,Off,Off,Off,Off,Off,Off,Off,Off-campus BYU-contracted housing,,,,Provo,,2365,2462,"Kaysville Utah ","Drive alone or with siblings,Carpool with peers",,Male,,No,No,Life Sciences,,"Yes, on campus",Bachelor's degree,
2022-03-28 11:54:34,2022-03-28 11:56:42,IP Address,100,127,True,2022-03-28 11:56:42,R_ZrWK1jEVGarUgiB,qr,EN,Drive alone,,09:45,16:54,Yes,"Convenience,Distance,Travel Time",,,2,,,,,3,,,,,1,,,Senior,Off,Off,Off,On,Off,Off,Off,Off,Off,Off,Off,Off,On,Off,Off,Off,Off,Off,Off,Off,Non-BYU-contracted housing (including with family),,,,Provo,,1782,2819,St George ut,Drive alone or with siblings,,Male,,Yes,No,Life Sciences,,"Yes, off campus",Bachelor's degree,
2022-03-28 11:53:46,2022-03-28 11:57:35,IP Address,100,228,True,2022-03-28 11:57:35,R_3iJ7EWQDjvxwzUv,qr,EN,The Ryde shuttle bus,,11:49,16:00,Yes,"Parking availabliity,Cost,Convenience,Safety,Travel Time",3,4,1,5,,,,,,,,,2,,,Junior,Off,Off,On,Off,Off,Off,Off,Off,Off,Off,Off,Off,Off,Off,Off,On,Off,Off,Off,Off,On-campus housing,Wymount Terrace,,,,,,,"Highland, UT, USA","Dropped off by parent or guardian,School bus",,Female,,Yes,No,Education,,"Yes, on campus",Doctorate or professional degree,
2022-03-28 11:52:39,2022-03-28 11:58:12,IP Address,100,332,True,2022-03-28 11:58:13,R_RgkIBwHSLklcFUd,qr,EN,Carpool,,08:45,16:00,Yes,"Parking availabliity,Convenience,Distance,Mode availabililty",2,,3,,,,,1,,,,4,,,,Sophomore,Off,Off,Off,Off,Off,Off,On,Off,Off,Off,Off,Off,On,Off,Off,Off,Off,Off,Off,Off,Non-BYU-contracted housing (including with family),,,,Provo,,3281,2898,"East Orange, NJ, USA","Drive alone or with siblings,Dropped off by parent or guardian,Walk",,Male,,Yes,No,Physical and Mathematical Sciences,,"Yes, on campus",No college/post-secondary education,
2022-03-28 11:58:03,2022-03-28 12:00:03,IP Address,100,120,True,2022-03-28 12:00:04,R_22WzjPzYVouUMPw,qr,EN,The Ryde shuttle bus,,08:41,18:00,Yes,"Parking availabliity,Convenience,Weather,Distance",1,,2,,,3,,4,,,,,,,,Sophomore,Off,Off,On,Off,Off,Off,Off,Off,Off,Off,Off,Off,On,Off,Off,Off,Off,Off,Off,Off,Off-campus BYU-contracted housing,,,,Provo,,,,,,,,,,,,,No,Doctorate or professional degree,
2022-03-28 11:57:50,2022-03-28 12:00:24,IP Address,100,153,True,2022-03-28 12:00:24,R_PAr4S0biQdz57gd,qr,EN,Walk,,10:30,16:00,Yes,"Parking availabliity,Cost,Convenience,Weather,Distance",1,2,4,,,5,,3,,,,,,,,Sophomore,Off,Off,On,Off,Off,Off,Off,Off,Off,Off,Off,Off,Off,Off,Off,Off,On,Off,Off,Off,Off-campus BYU-contracted housing,,,,Provo,,2315,2364,"Moses Lake, Washington, United States",Drive alone or with siblings,,Female,,No,No,Education,,"Yes, on campus",Doctorate or professional degree,
2022-03-28 11:56:06,2022-03-28 12:00:25,IP Address,100,259,True,2022-03-28 12:00:26,R_3r1kRQK3OS4IzTw,qr,EN,The Ryde shuttle bus,,08:55,16:00,Yes,"Parking availabliity,Convenience,Personal preference,Mode availabililty",2,,1,,,,,,,,3,4,,,,Senior,Off,Off,Off,Off,On,Off,Off,Off,Off,Off,Off,Off,Off,Off,On,Off,Off,Off,Off,Off,On-campus housing,Wyview Park,,,,,,,"Rowland Heights, California","Carpool with peers,Dropped off by parent or guardian,Bicycle, scooter, skateboard, etc.",,Male,,Yes,No,Physical and Mathematical Sciences,,"Yes, on campus",Master's degree,
2022-03-28 11:55:55,2022-03-28 12:00:36,IP Address,100,281,True,2022-03-28 12:00:36,R_1jOEYt8cxJe786h,qr,EN,The Ryde shuttle bus,,,17:30,Yes,Parking availabliity,1,,,,,,,,,,,,,,,Sophomore,Off,Off,Off,Off,On,Off,Off,Off,Off,Off,Off,Off,Off,Off,On,Off,Off,Off,Off,Off,Off-campus BYU-contracted housing,,,,Provo,,2689,2246,MN,Drive alone or with siblings,,Male,,No,No,Engineering,,"Yes, on campus",Bachelor's degree,
2022-03-28 11:57:02,2022-03-28 12:00:53,IP Address,100,230,True,2022-03-28 12:00:53,R_2eP7TfJD9sJdiP6,qr,EN,The Ryde shuttle bus,,,18:00,No,"Parking availabliity,Cost,Weather,Flexibility",3,1,,,,2,4,,,,,,,,,Junior,Off,Off,Off,On,Off,Off,Off,Off,Off,Off,Off,Off,Off,On,Off,Off,Off,Off,Off,Off,Off-campus BYU-contracted housing,,,,Provo,,1921,1300,Idaho Falls,Drive alone or with siblings,,Male,,No,No,Engineering,,"Yes, on campus",Master's degree,
2022-03-28 11:57:35,2022-03-28 12:00:53,IP Address,100,197,True,2022-03-28 12:00:53,R_stzfCHFahqIw6Q1,qr,EN,Carpool,,07:45,19:00,Yes,"Parking availabliity,Convenience,Personal preference,Mode availabililty,Travel Time",3,,4,,,,,,,,5,2,1,,,Senior,Off,Off,Off,Off,Off,On,Off,Off,Off,Off,Off,Off,On,Off,Off,Off,Off,Off,Off,Off,Non-BYU-contracted housing (including with family),,,,Provo,,1561,2005,"Mesa, Arizona, USA",Walk,,Male,,Yes,No,Engineering,,"Yes, on campus",Bachelor's degree,
2022-03-28 11:56:01,2022-03-28 12:01:14,IP Address,100,312,True,2022-03-28 12:01:14,R_ZKVcnd6akAqM8ff,qr,EN,Walk,,09:00,19:00,Yes,"Parking availabliity,Cost,Weather,Distance,Mode availabililty",1,2,,,,4,,3,,,,5,,,,Sophomore,Off,Off,Off,Off,On,Off,Off,Off,Off,Off,Off,Off,On,Off,Off,Off,Off,Off,Off,Off,Off-campus BYU-contracted housing,,,,Provo,,2263,2319,"Spokane Washington ",Drive alone or with siblings,,Male,,No,No,Physical and Mathematical Sciences,,"Yes, on campus",Master's degree,
2022-03-28 11:57:43,2022-03-28 12:01:31,IP Address,100,227,True,2022-03-28 12:01:31,R_2ziG8aY49KBUGir,qr,EN,Walk,,07:00,19:00,Yes,"Cost,Convenience,Distance",,2,1,,,,,3,,,,,,,,Sophomore,Off,Off,On,Off,Off,Off,Off,Off,Off,Off,Off,Off,On,Off,Off,Off,Off,Off,Off,Off,Off-campus BYU-contracted housing,,,,Provo,,2338,2418,South Jordan Utah,Drive alone or with siblings,,Male,,No,No,Business,,"Yes, both on and off campus",Master's degree,
2022-03-28 11:57:45,2022-03-28 12:02:22,IP Address,100,276,True,2022-03-28 12:02:22,R_1jVbvhx9pFdtgK1,qr,EN,Walk,,08:00,17:00,Yes,"Parking availabliity,Cost,Convenience,Distance,Exercise",1,2,3,,,,,4,,5,,,,,,Sophomore,Off,Off,Off,Off,On,Off,Off,Off,Off,Off,Off,Off,On,Off,Off,Off,Off,Off,Off,Off,Off-campus BYU-contracted housing,,,,Provo,,2555,2121,Pullman Washington,Carpool with peers,,Female,,No,No,Nursing,,"Yes, on campus",Associate's degree,
2022-03-28 11:59:23,2022-03-28 12:02:36,IP Address,100,192,True,2022-03-28 12:02:36,R_3RmY71ZuyRxldMa,qr,EN,"Bicycle, scooter, skateboard, etc.",,,08:57,Yes,"Parking availabliity,Convenience,Flexibility,Distance,Health",1,,3,,,,2,4,5,,,,,,,Senior,Off,Off,Off,On,Off,Off,Off,Off,Off,Off,Off,Off,Off,On,Off,Off,Off,Off,Off,Off,Off-campus BYU-contracted housing,,,,Provo,,2329,1024,"So Paulo, Brazil ",Public transportation,,Male,,No,No,Engineering,,"Yes, on campus",Bachelor's degree,
2022-03-28 11:57:25,2022-03-28 12:02:53,IP Address,100,327,True,2022-03-28 12:02:54,R_264lrMpPYHJ7DbE,qr,EN,Walk,,08:55,11:58,Yes,"Cost,Health,Exercise,Personal preference,Environmental concerns",,5,,,,,,,1,2,4,,,3,,Sophomore,Off,Off,Off,Off,On,Off,Off,Off,Off,Off,Off,Off,Off,On,Off,Off,Off,Off,Off,Off,On-campus housing,Wymount Terrace,,,,,,,"Chandler, Arizona, USA",Drive alone or with siblings,,Male,,Yes,No,"Family, Home, and Social Sciences",,"Yes, off campus",Doctorate or professional degree,
2022-03-28 11:56:29,2022-03-28 12:03:00,IP Address,100,391,True,2022-03-28 12:03:00,R_12zCSC4cHJb5K2h,qr,EN,Drive alone,,09:01,18:30,Yes,"Convenience,Flexibility,Personal preference,Mode availabililty,Travel Time",,,4,,,,2,,,,3,5,1,,,Junior,Off,Off,Off,Off,Off,On,Off,Off,Off,Off,Off,Off,Off,On,Off,Off,Off,Off,Off,Off,Non-BYU-contracted housing (including with family),,,,Other (specify):,Draper,,,"Draper, UT, USA","Drive alone or with siblings,Motorcycle or similar",,Male,,No,No,Life Sciences,,"Yes, off campus",Associate's degree,
2022-03-28 11:59:57,2022-03-28 12:03:09,IP Address,100,192,True,2022-03-28 12:03:09,R_VKKQqXSWA0D5ko9,qr,EN,Walk,,08:45,16:55,Yes,"Parking availabliity,Convenience,Exercise,Travel Time",3,,1,,,,,,,4,,,2,,,Junior,Off,Off,Off,On,Off,Off,Off,Off,Off,Off,Off,Off,On,Off,Off,Off,Off,Off,Off,Off,Off-campus BYU-contracted housing,,,,Provo,,2011,1547,"Centerville, UT, USA","Drive alone or with siblings,School bus",,Male,,No,No,Engineering,,"Yes, both on and off campus",Doctorate or professional degree,
2022-03-28 11:58:36,2022-03-28 12:03:33,IP Address,100,296,True,2022-03-28 12:03:33,R_2EtySlyfm4ESluK,qr,EN,Walk,,08:45,16:00,Yes,"Convenience,Distance,Personal preference,Mode availabililty",,,1,,,,,2,,,4,3,,,,Freshman,Off,Off,Off,Off,Off,Off,On,Off,Off,Off,On,Off,Off,Off,Off,Off,Off,Off,Off,Off,Non-BYU-contracted housing (including with family),,,,Provo,,2923,1716,Meridian idaho,"Drive alone or with siblings,Dropped off by parent or guardian,School bus",,Male,,No,No,Engineering,,"Yes, on campus",Some college,
2022-03-28 11:56:30,2022-03-28 12:03:42,IP Address,100,431,True,2022-03-28 12:03:42,R_3qUOLMLIowjOunW,qr,EN,Drive alone,,07:55,17:30,Yes,"Convenience,Weather,Flexibility,Distance,Travel Time",,,1,,,5,4,2,,,,,3,,,Senior,Off,Off,Off,Off,Off,Off,On,Off,Off,Off,Off,Off,Off,Off,Off,Off,On,Off,Off,Off,Non-BYU-contracted housing (including with family),,,,Orem,,,,Rexburg ID USA,"Drive alone or with siblings,Dropped off by parent or guardian",,Female,,Yes,No,Life Sciences,,"Yes, on campus",Doctorate or professional degree,
2022-03-28 12:00:24,2022-03-28 12:03:49,IP Address,100,204,True,2022-03-28 12:03:49,R_3MnhbQE2JuXi9lz,qr,EN,Other (specify):,free skating (look it up its super cool),09:00,08:52,No,"Convenience,Exercise,Personal preference,Mode availabililty,Environmental concerns",,,1,,,,,,,2,3,4,,5,,Freshman,On,Off,Off,Off,Off,Off,Off,Off,Off,Off,Off,Off,On,Off,Off,Off,Off,Off,Off,Off,On-campus housing,Heritage Halls,,,,,,,"spokane Washington ","Drive alone or with siblings,Carpool with peers,Dropped off by parent or guardian",,Male,,No,No,Business,,No,Doctorate or professional degree,
2022-03-28 11:57:01,2022-03-28 12:04:16,IP Address,100,434,True,2022-03-28 12:04:16,R_x5Do2sOHswbbVYJ,qr,EN,Walk,,05:30,12:05,No,"Convenience,Flexibility,Distance,Exercise,Mode availabililty",,,4,,,,3,2,,5,,1,,,,Freshman,Off,Off,Off,On,Off,Off,Off,Off,Off,Off,Off,Off,On,Off,Off,Off,Off,Off,Off,Off,On-campus housing,Heritage Halls,,,,,,,"Gaithersburg, Maryland","Carpool with peers,Dropped off by parent or guardian,Walk",,Female,,No,No,Other/Undeclared,,"Yes, on campus",Doctorate or professional degree,
2022-03-28 11:59:56,2022-03-28 12:04:24,IP Address,100,268,True,2022-03-28 12:04:24,R_3koVQPPCejyZK0U,qr,EN,"Bicycle, scooter, skateboard, etc.",,,19:13,Yes,"Cost,Convenience,Flexibility,Distance,Exercise",,3,1,,,,4,2,,5,,,,,,Senior,Off,Off,Off,Off,Off,On,Off,Off,Off,Off,Off,Off,Off,Off,Off,On,Off,Off,Off,Off,Off-campus BYU-contracted housing,,,,Provo,,2660,2581,"Pleasant grove, Utah, Utah ","Drive alone or with siblings,Carpool with peers",,Male,,Yes,No,Life Sciences,,"Yes, on campus",Master's degree,
2022-03-28 12:02:38,2022-03-28 12:04:47,IP Address,100,129,True,2022-03-28 12:04:47,R_ylwbZOoWxb0leBb,qr,EN,Carpool,,09:00,16:00,No,"Parking availabliity,Cost,Convenience,Flexibility",2,1,3,,,,4,,,,,,,,,Junior,Off,Off,Off,Off,Off,Off,On,Off,Off,Off,Off,Off,Off,Off,Off,On,Off,Off,Off,Off,Off-campus BYU-contracted housing,,,,Provo,,2108,2019,Vancouver canada,Drive alone or with siblings,,Female,,Yes,No,Life Sciences,,,Master's degree,
2022-03-28 11:56:28,2022-03-28 12:05:06,IP Address,100,517,True,2022-03-28 12:05:07,R_RV2zEFDvdwQ0QaR,qr,EN,Walk,,10:05,23:00,Yes,"Parking availabliity,Cost,Distance,Travel Time",2,4,,,,,,3,,,,,1,,,Sophomore,Off,Off,Off,Off,Off,On,Off,Off,Off,Off,Off,Off,On,Off,Off,Off,Off,Off,Off,Off,Off-campus BYU-contracted housing,,,,Provo,,2391,2303,"Palm Beach, FL","Drive alone or with siblings,Dropped off by parent or guardian,School bus",,Female,,No,No,Nursing,,"Yes, on campus",Bachelor's degree,
2022-03-28 11:59:26,2022-03-28 12:05:14,IP Address,100,347,True,2022-03-28 12:05:14,R_20VDEkxHSHnf7HG,qr,EN,Walk,,10:00,12:04,No,"Parking availabliity,Cost,Distance,Mode availabililty",2,1,,,,,,4,,,,3,,,,Freshman,Off,Off,Off,Off,Off,On,Off,Off,Off,Off,Off,Off,Off,Off,Off,On,Off,Off,Off,Off,On-campus housing,Heritage Halls,,,,,,,Lehi ut,"Drive alone or with siblings,Dropped off by parent or guardian",,Female,,No,No,Education,,"Yes, on campus",Master's degree,
2022-03-28 11:59:23,2022-03-28 12:05:15,IP Address,100,352,True,2022-03-28 12:05:15,R_RrYyrgvOu5y84Q9,qr,EN,Walk,,10:00,12:00,No,Mode availabililty,,,,,,,,,,,,1,,,,Freshman,Off,Off,Off,Off,On,Off,Off,Off,Off,Off,Off,Off,Off,Off,Off,Off,Off,Off,Off,On,On-campus housing,Heritage Halls,,,,,,,Utah,"Drive alone or with siblings,Dropped off by parent or guardian,Walk",,Female,,No,No,Education,,"Yes, off campus",Master's degree,
2022-03-28 11:56:24,2022-03-28 12:06:09,IP Address,100,584,True,2022-03-28 12:06:10,R_2BsW1V8n4BaRABQ,qr,EN,Walk,,10:02,16:50,Yes,"Parking availabliity,Cost,Distance,Exercise,Personal preference",2,1,,,,,,3,,4,5,,,,,Junior,Off,Off,Off,Off,Off,On,Off,Off,Off,Off,Off,Off,Off,On,Off,Off,Off,Off,Off,Off,Off-campus BYU-contracted housing,,,,Provo,,2395,2244,"cedar hills, utah, usa","Drive alone or with siblings,Dropped off by parent or guardian",,Female,,No,No,Life Sciences,,"Yes, both on and off campus",Master's degree,
2022-03-28 12:03:40,2022-03-28 12:06:52,IP Address,100,191,True,2022-03-28 12:06:52,R_2xx8HMTQgKLw9qj,qr,EN,Walk,,10:00,04:00,Yes,"Parking availabliity,Cost,Distance",1,2,,,,,,3,,,,,,,,Sophomore,Off,Off,Off,Off,Off,On,Off,Off,Off,Off,Off,Off,Off,Off,Off,On,Off,Off,Off,Off,Off-campus BYU-contracted housing,,,,Provo,,2475,2279,"Albuquerque, New Mexico, USA",Drive alone or with siblings,,Male,,No,No,Life Sciences,,"Yes, on campus",Master's degree,
2022-03-28 12:01:34,2022-03-28 12:07:05,IP Address,100,330,True,2022-03-28 12:07:05,R_rkWGKVFt9JA9YPf,qr,EN,Walk,,09:00,23:30,No,"Parking availabliity,Cost,Distance,Exercise,Mode availabililty",4,1,,,,,,2,,5,,3,,,,Junior,Off,Off,Off,On,Off,Off,Off,Off,Off,Off,Off,Off,On,Off,Off,Off,Off,Off,Off,Off,Off-campus BYU-contracted housing,,,,Provo,,1898,1557,"Camas, Washington, United States of America","Drive alone or with siblings,School bus",,Female,,No,No,Physical and Mathematical Sciences,,"Yes, on campus",Bachelor's degree,
2022-03-28 12:05:03,2022-03-28 12:07:17,IP Address,100,134,True,2022-03-28 12:07:17,R_NVfohxewRMrwFwt,qr,EN,Walk,,23:00,17:00,Yes,Personal preference,,,,,,,,,,,1,,,,,Senior,Off,Off,Off,Off,Off,Off,On,Off,Off,Off,Off,Off,Off,Off,Off,Off,Off,Off,Off,On,Off-campus BYU-contracted housing,,,,Provo,,2537,2341,Utah,Walk,,Male,,No,No,Life Sciences,,"Yes, on campus",Master's degree,
2022-03-28 12:03:08,2022-03-28 12:07:25,IP Address,100,256,True,2022-03-28 12:07:25,R_1oo6rGBXvwilofX,qr,EN,The Ryde shuttle bus,,20:47,13:00,Yes,"Cost,Convenience,Travel Time",,3,1,,,,,,,,,,2,,,Freshman,Off,Off,Off,Off,Off,On,Off,Off,Off,Off,Off,Off,Off,Off,Off,On,Off,Off,Off,Off,Non-BYU-contracted housing (including with family),,,,Provo,,1650,990,houston,Drive alone or with siblings,,Male,,No,No,Business,,No,No college/post-secondary education,
2022-03-28 12:04:54,2022-03-28 12:07:54,IP Address,100,180,True,2022-03-28 12:07:54,R_3scVu5DOU4dGp4t,qr,EN,Walk,,,17:00,Yes,"Parking availabliity,Health,Exercise",1,,,,,,,,2,3,,,,,,Senior,Off,Off,On,Off,Off,Off,Off,Off,Off,Off,Off,Off,Off,Off,Off,On,Off,Off,Off,Off,Off-campus BYU-contracted housing,,,,Provo,,2788,2453,"Vienna, VA","Drive alone or with siblings,Walk",,Female,,No,No,Life Sciences,,"Yes, off campus",Doctorate or professional degree,
2022-03-28 12:09:22,2022-03-28 12:12:18,IP Address,100,176,True,2022-03-28 12:12:20,R_2ZJK3LI96DYQJhc,qr,EN,Walk,,08:00,15:00,Yes,"Parking availabliity,Cost",1,2,,,,,,,,,,,,,,Junior,Off,Off,On,Off,Off,Off,Off,Off,Off,Off,Off,Off,On,Off,Off,Off,Off,Off,Off,Off,Off-campus BYU-contracted housing,,,,Provo,,2458,2322,"Fayettevile, North Carolina, USA","Drive alone or with siblings,School bus",,Male,,No,No,Fine Arts and Communications,,"Yes, both on and off campus",No college/post-secondary education,
2022-03-28 12:10:39,2022-03-28 12:12:53,IP Address,100,133,True,2022-03-28 12:12:53,R_3j3691gXGs28CIz,qr,EN,Walk,,08:00,20:00,Yes,Convenience,,,1,,,,,,,,,,,,,Freshman,Off,Off,Off,Off,On,Off,Off,Off,Off,Off,Off,Off,Off,On,Off,Off,Off,Off,Off,Off,Off-campus BYU-contracted housing,,,,Provo,,2385,2169,Utah,Drive alone or with siblings,,Male,,No,No,Life Sciences,,"Yes, off campus",Master's degree,
2022-03-28 12:11:45,2022-03-28 12:14:30,IP Address,100,164,True,2022-03-28 12:14:30,R_3dVTkm7FxETGZpY,qr,EN,Walk,,10:00,18:00,No,"Convenience,Mode availabililty,Travel Time",,,1,,,,,,,,,2,3,,,Junior,Off,Off,Off,Off,Off,On,Off,Off,Off,Off,Off,Off,Off,On,Off,Off,Off,Off,Off,Off,On-campus housing,Heritage Halls,,,,,,,"Owasso, OK, USA",Drive alone or with siblings,,Female,,No,No,Engineering,,"Yes, on campus",Bachelor's degree,
2022-03-28 12:10:16,2022-03-28 12:14:42,IP Address,100,266,True,2022-03-28 12:14:42,R_2sRvaKmnZtLGJqZ,qr,EN,Walk,,11:08,17:50,Yes,"Parking availabliity,Convenience,Distance,Exercise,Travel Time",2,,3,,,,,1,,5,,,4,,,Junior,Off,Off,Off,Off,On,Off,Off,Off,Off,Off,Off,Off,On,Off,Off,Off,Off,Off,Off,Off,Off-campus BYU-contracted housing,,,,Provo,,2186,2331,"Riverton, Utah, USA","Drive alone or with siblings,Carpool with peers",,Female,,No,No,Humanities,,"Yes, on campus",Bachelor's degree,
2022-03-28 12:12:31,2022-03-28 12:16:36,IP Address,100,244,True,2022-03-28 12:16:36,R_8wtW42OGBmfNdGF,qr,EN,Walk,,09:45,16:30,Yes,"Parking availabliity,Cost,Convenience,Distance,Exercise",1,2,3,,,,,4,,5,,,,,,Sophomore,Off,Off,Off,Off,On,Off,Off,Off,Off,Off,Off,Off,Off,Off,Off,Off,Off,Off,Off,On,Off-campus BYU-contracted housing,,,,Provo,,2008,2159,"Salt Lake City, Utah, USA",Drive alone or with siblings,,Female,,No,No,"Family, Home, and Social Sciences",,"Yes, both on and off campus",Doctorate or professional degree,
2022-03-28 12:12:11,2022-03-28 12:16:59,IP Address,100,288,True,2022-03-28 12:17:00,R_1jpMtOCUqeeK0zp,qr,EN,Dropped off by someone else,,09:00,18:00,No,"Cost,Convenience,Distance,Personal preference,Mode availabililty",,3,4,,,,,2,,,5,1,,,,Junior,Off,Off,Off,Off,Off,On,Off,Off,Off,Off,Off,Off,Off,Off,On,Off,Off,Off,Off,Off,Non-BYU-contracted housing (including with family),,,,Orem,,,,"WPB, FL",Dropped off by parent or guardian,,Female,,Yes,No,Humanities,,"Yes, off campus",No college/post-secondary education,
2022-03-28 12:14:20,2022-03-28 12:17:19,IP Address,100,179,True,2022-03-28 12:17:19,R_3JyqN9tM8Oy82iP,qr,EN,Walk,,20:00,16:00,Yes,"Parking availabliity,Cost,Convenience,Environmental concerns",1,3,4,,,,,,,,,,,2,,Sophomore,Off,Off,Off,Off,Off,On,Off,Off,Off,Off,Off,Off,Off,Off,Off,On,Off,Off,Off,Off,Off-campus BYU-contracted housing,,,,Provo,,2448,2386,Oregon,"Dropped off by parent or guardian,School bus",,Male,,No,No,Life Sciences,,No,Master's degree,
2022-03-28 12:10:07,2022-03-28 12:18:37,IP Address,100,509,True,2022-03-28 12:18:37,R_3HFydsXLFsWqZxk,qr,EN,Walk,,08:57,17:00,Yes,"Parking availabliity,Cost,Exercise,Personal preference,Environmental concerns",1,2,,,,,,,,3,4,,,5,,Junior,Off,Off,On,Off,Off,Off,Off,Off,Off,Off,Off,Off,Off,Off,Off,Off,On,Off,Off,Off,Off-campus BYU-contracted housing,,,,Provo,,2630,2443,"Henderson, NV USA","Drive alone or with siblings,Dropped off by parent or guardian,Walk",,Female,,No,No,Fine Arts and Communications,,"Yes, both on and off campus",Master's degree,
2022-03-28 12:18:36,2022-03-28 12:22:06,IP Address,100,209,True,2022-03-28 12:22:06,R_3e53sGqvmArzeM5,qr,EN,Walk,,10:45,18:30,Yes,"Parking availabliity,Convenience,Distance,Health,Travel Time",3,,1,,,,,4,5,,,,2,,,Graduate student,Off,Off,Off,Off,On,Off,Off,Off,Off,Off,Off,Off,Off,Off,On,Off,Off,Off,Off,Off,Off-campus BYU-contracted housing,,,,Provo,,2276,2295,"Ripon, CA USA","Drive alone or with siblings,Carpool with peers,Dropped off by parent or guardian",,Female,,No,No,Business,,No,Bachelor's degree,
2022-03-28 12:17:44,2022-03-28 12:23:24,IP Address,100,340,True,2022-03-28 12:23:25,R_Rm0vrVhsfrA8Z0t,qr,EN,Walk,,09:00,18:00,Yes,"Parking availabliity,Convenience,Distance,Travel Time",1,,2,,,,,3,,,,,4,,,Junior,Off,Off,Off,On,Off,Off,Off,Off,Off,Off,Off,Off,Off,On,Off,Off,Off,Off,Off,Off,Off-campus BYU-contracted housing,,,,Provo,,2008,2018,Colorado,Drive alone or with siblings,,Male,,No,No,Engineering,,"Yes, off campus",No college/post-secondary education,
2022-03-28 12:20:48,2022-03-28 12:24:19,IP Address,100,210,True,2022-03-28 12:24:19,R_1mV3aahtDq7gMP4,qr,EN,Walk,,19:50,17:00,No,"Distance,Mode availabililty",,,,,,,,1,,,,2,,,,Sophomore,Off,Off,Off,Off,Off,On,Off,Off,Off,Off,Off,Off,On,Off,Off,Off,Off,Off,Off,Off,Off-campus BYU-contracted housing,,,,Provo,,2124,1413,"Cedar Hills Utah ","Dropped off by parent or guardian,Walk",,Male,,No,No,Life Sciences,,No,Master's degree,
2022-03-28 12:22:38,2022-03-28 12:24:22,IP Address,100,104,True,2022-03-28 12:24:23,R_3LdtRXHUcW0S7E0,qr,EN,Walk,,12:00,20:00,Yes,"Convenience,Weather,Distance,Exercise,Personal preference",,,1,,,2,,3,,5,4,,,,,Junior,Off,Off,Off,Off,Off,On,Off,Off,Off,Off,On,Off,Off,Off,Off,Off,Off,Off,Off,Off,Off-campus BYU-contracted housing,,,,Provo,,2762,2118,texas,Drive alone or with siblings,,Female,,No,No,Life Sciences,,"Yes, on campus",Some college,
2022-03-28 12:21:48,2022-03-28 12:26:16,IP Address,100,268,True,2022-03-28 12:26:16,R_3JgyjJEvkRXLsLQ,qr,EN,Walk,,09:00,15:30,Yes,"Convenience,Weather,Distance,Health,Exercise",,,5,,,1,,2,3,4,,,,,,Faculty/Staff,Off,Off,Off,Off,Off,Off,On,Off,Off,Off,Off,Off,Off,Off,Off,Off,On,Off,Off,Off,,,,"Renting, Multi-family (e.g. apartments)",Provo,,2236,2532,"Kaysville, Utah, USA","Drive alone or with siblings,School bus",,Female,,Yes,No,,Other,,Doctorate or professional degree,
2022-03-28 12:26:18,2022-03-28 12:29:34,IP Address,100,196,True,2022-03-28 12:29:34,R_3Em3mS0b0poCyQk,qr,EN,Walk,,19:49,12:26,Yes,"Convenience,Weather,Distance,Exercise,Personal preference",,,2,,,3,,1,,4,5,,,,,Freshman,Off,Off,Off,Off,Off,Off,On,Off,Off,Off,Off,Off,Off,Off,On,Off,Off,Off,Off,Off,On-campus housing,Heritage Halls,,,,,,,"Eagle, Id, USA",Drive alone or with siblings,,Female,,No,No,Education,,"Yes, on campus",Bachelor's degree,
2022-03-28 12:29:39,2022-03-28 12:32:51,IP Address,100,191,True,2022-03-28 12:32:51,R_3hm5p5rJoGBPxRn,qr,EN,Walk,,08:30,19:00,No,"Parking availabliity,Cost,Convenience,Flexibility,Distance",2,1,4,,,,5,3,,,,,,,,Sophomore,Off,Off,Off,Off,On,Off,Off,Off,Off,Off,Off,Off,Off,Off,On,Off,Off,Off,Off,Off,On-campus housing,Heritage Halls,,,,,,,"Houston, Texas, USA ","Carpool with peers,Dropped off by parent or guardian",,Male,,No,No,Physical and Mathematical Sciences,,"Yes, on campus",Bachelor's degree,
2022-03-28 12:32:41,2022-03-28 12:36:04,IP Address,100,202,True,2022-03-28 12:36:05,R_3F1Z2bxbksd8DBK,qr,EN,The Ryde shuttle bus,,09:20,14:30,Yes,"Parking availabliity,Cost,Convenience,Mode availabililty",1,3,2,,,,,,,,,4,,,,Junior,Off,Off,Off,Off,On,Off,Off,Off,Off,Off,Off,Off,Off,Off,On,Off,Off,Off,Off,Off,Off-campus BYU-contracted housing,,,,Provo,,1725,1301,"Redmond, WA",Drive alone or with siblings,,Male,,No,No,Physical and Mathematical Sciences,,"Yes, both on and off campus",Bachelor's degree,
2022-03-28 12:35:40,2022-03-28 12:38:30,IP Address,100,170,True,2022-03-28 12:38:31,R_2qDiIPZUToAm7bg,qr,EN,Walk,,10:30,16:30,Yes,"Parking availabliity,Convenience,Flexibility,Distance,Travel Time",3,,2,,,,1,4,,,,,5,,,Graduate student,Off,Off,Off,Off,Off,On,Off,Off,Off,Off,Off,Off,Off,Off,On,Off,Off,Off,Off,Off,Off-campus BYU-contracted housing,,,,Provo,,1906,1941,"North Ogden, UT","Drive alone or with siblings,Carpool with peers",,Female,,No,No,Business,,"Yes, on campus",Master's degree,
2022-03-28 12:35:39,2022-03-28 12:38:56,IP Address,100,197,True,2022-03-28 12:38:56,R_30qIpZMKusPb1Ud,qr,EN,Walk,,08:50,16:14,Yes,"Parking availabliity,Convenience",2,,1,,,,,,,,,,,,,Freshman,Off,Off,Off,Off,Off,On,Off,Off,Off,Off,Off,Off,Off,Off,Off,On,Off,Off,Off,Off,Off-campus BYU-contracted housing,,,,Provo,,2012,1782,"North Ogden, Utah",Drive alone or with siblings,,Female,,No,No,Business,,No,Bachelor's degree,
2022-03-28 12:35:42,2022-03-28 12:39:19,IP Address,100,217,True,2022-03-28 12:39:19,R_3fkRbqpkpSSo0n1,qr,EN,Walk,,07:45,18:00,Yes,"Convenience,Safety,Distance,Exercise,Travel Time",,,1,5,,,,2,,4,,,3,,,Junior,Off,Off,Off,Off,On,Off,Off,Off,Off,Off,Off,Off,On,Off,Off,Off,Off,Off,Off,Off,Off-campus BYU-contracted housing,,,,Provo,,2250,1932,North Ogden UT USA,Drive alone or with siblings,,Female,,No,No,Business,,No,Some college,
2022-03-28 12:34:33,2022-03-28 12:42:44,IP Address,100,490,True,2022-03-28 12:42:44,R_DOElcGPjhnzNXcl,qr,EN,Walk,,08:55,20:13,Yes,"Cost,Convenience,Flexibility,Health,Travel Time",,3,2,,,,4,,5,,,,1,,,Junior,Off,Off,Off,Off,Off,Off,On,Off,Off,Off,Off,Off,Off,Off,Off,On,Off,Off,Off,Off,Off-campus BYU-contracted housing,,,,Provo,,2629,2074,Washington State,"Drive alone or with siblings,Carpool with peers",,Male,,No,No,Life Sciences,,"Yes, both on and off campus",Some college,
2022-03-28 12:36:03,2022-03-28 12:45:40,IP Address,100,576,True,2022-03-28 12:45:40,R_23faJnOqVehsIHa,qr,EN,Walk,,10:15,16:15,Yes,"Convenience,Weather,Distance,Health,Exercise",,,1,,,3,,2,5,4,,,,,,Junior,Off,Off,Off,Off,Off,On,Off,Off,Off,Off,Off,Off,On,Off,Off,Off,Off,Off,Off,Off,Off-campus BYU-contracted housing,,,,Other (specify):,"North Ogden ",,,North Ogden Utah,"Drive alone or with siblings,Carpool with peers,Dropped off by parent or guardian",,Female,,No,No,Education,,No,Master's degree,
2022-03-28 12:43:24,2022-03-28 12:46:46,IP Address,100,201,True,2022-03-28 12:46:46,R_3GvyJ2Tq6QJyy9R,qr,EN,Walk,,09:00,17:00,No,"Convenience,Distance,Mode availabililty",,,2,,,,,1,,,,3,,,,Freshman,Off,Off,Off,Off,On,Off,Off,Off,Off,Off,Off,Off,On,Off,Off,Off,Off,Off,Off,Off,On-campus housing,Heritage Halls,,,,,,,"Farmington, New Mexico, United States","Drive alone or with siblings,Dropped off by parent or guardian",,Male,,No,No,Physical and Mathematical Sciences,,No,Doctorate or professional degree,
2022-03-28 12:42:07,2022-03-28 12:47:27,IP Address,100,320,True,2022-03-28 12:47:28,R_QgCVPO88v7UGzIJ,qr,EN,Walk,,07:50,14:00,Yes,"Convenience,Mode availabililty",,,1,,,,,,,,,2,,,,Junior,Off,Off,Off,Off,Off,Off,On,Off,Off,Off,Off,Off,Off,On,Off,Off,Off,Off,Off,Off,Off-campus BYU-contracted housing,,,,Provo,,1862,1606,"Holladay, utah",Drive alone or with siblings,,Male,,No,No,Other/Undeclared,,"Yes, off campus",Master's degree,
2022-03-28 12:43:05,2022-03-28 12:47:28,IP Address,100,263,True,2022-03-28 12:47:29,R_1meYC31aevN6U2x,qr,EN,Other (specify):,I live on campus,08:00,15:00,No,"Cost,Convenience,Mode availabililty",,1,3,,,,,,,,,2,,,,Freshman,Off,Off,Off,Off,Off,On,Off,Off,Off,Off,Off,Off,Off,Off,Off,Off,On,Off,Off,Off,On-campus housing,Heritage Halls,,,,,,,Louisiana,Walk,,Male,,No,No,Engineering,,"Yes, on campus",Master's degree,
2022-03-28 12:47:07,2022-03-28 12:52:17,IP Address,100,310,True,2022-03-28 12:52:18,R_27xojnSiD6vpCaZ,qr,EN,Drive alone,,11:00,18:00,Yes,"Cost,Convenience,Flexibility,Distance,Mode availabililty",,5,4,,,,3,2,,,,1,,,,Senior,Off,Off,Off,Off,On,Off,Off,Off,Off,Off,Off,Off,Off,On,Off,Off,Off,Off,Off,Off,Non-BYU-contracted housing (including with family),,,,Orem,,,,"American Fork, Utah, USA",Walk,,Male,,Yes,"Yes, 1",Engineering,,"Yes, off campus",Associate's degree,
2022-03-28 12:49:16,2022-03-28 12:52:44,IP Address,100,208,True,2022-03-28 12:52:45,R_2xLiXhfQpCGTCQj,qr,EN,Walk,,09:00,18:30,No,"Cost,Mode availabililty",,1,,,,,,,,,,2,,,,Sophomore,Off,Off,Off,Off,On,Off,Off,Off,Off,Off,Off,Off,On,Off,Off,Off,Off,Off,Off,Off,Off-campus BYU-contracted housing,,,,Provo,,2403,2331,"Cedar Rapids, Iowa, US",Drive alone or with siblings,,Female,,No,No,Humanities,,"Yes, on campus",Bachelor's degree,
2022-03-28 12:50:21,2022-03-28 12:53:15,IP Address,100,173,True,2022-03-28 12:53:15,R_3RqIKwGaUqtu2SN,qr,EN,Walk,,07:50,17:00,No,"Convenience,Weather,Health,Exercise,Personal preference",,,1,,,5,,,2,3,4,,,,,Freshman,Off,Off,Off,Off,Off,On,Off,Off,Off,Off,Off,Off,Off,Off,Off,On,Off,Off,Off,Off,On-campus housing,Heritage Halls,,,,,,,"East Wenatchee, Washington, US",Drive alone or with siblings,,Female,,No,No,Life Sciences,,"Yes, on campus",Doctorate or professional degree,
2022-03-28 13:02:08,2022-03-28 13:05:14,IP Address,100,185,True,2022-03-28 13:05:14,R_XiYWgx0x28KaaMp,qr,EN,Walk,,08:55,18:29,Yes,"Cost,Privacy,Flexibility,Exercise,Personal preference",,5,,,2,,4,,,3,1,,,,,Junior,Off,Off,Off,Off,On,Off,Off,Off,Off,Off,Off,Off,Off,Off,On,Off,Off,Off,Off,Off,Off-campus BYU-contracted housing,,,,Provo,,2788,2444,"Brooklyn Park, MN, USA","Drive alone or with siblings,Carpool with peers,School bus",,Female,,No,No,Physical and Mathematical Sciences,,"Yes, on campus",Master's degree,
2022-03-28 13:02:30,2022-03-28 13:06:43,IP Address,100,252,True,2022-03-28 13:06:43,R_1i5pOw7HH00dlO8,qr,EN,The Ryde shuttle bus,,09:10,17:40,Yes,"Cost,Distance,Mode availabililty,Travel Time",,4,,,,,,1,,,,2,3,,,Junior,Off,Off,Off,Off,On,Off,Off,Off,Off,Off,Off,Off,Off,Off,Off,On,Off,Off,Off,Off,Off-campus BYU-contracted housing,,,,Provo,,2870,2356,"Bountiful UT USA ",Drive alone or with siblings,,Female,,No,No,Education,,"Yes, on campus",Master's degree,
2022-03-28 13:11:20,2022-03-28 13:14:56,IP Address,100,215,True,2022-03-28 13:14:56,R_31t2B4K3vOya2ur,qr,EN,Walk,,09:45,14:00,Yes,"Parking availabliity,Exercise",1,,,,,,,,,2,,,,,,Senior,Off,Off,Off,On,Off,Off,Off,Off,Off,Off,Off,Off,On,Off,Off,Off,Off,Off,Off,Off,Non-BYU-contracted housing (including with family),,,,Provo,,2005,1641,"Victor, ID, USA",Drive alone or with siblings,,Male,,Yes,No,Engineering,,"Yes, off campus",Bachelor's degree,
2022-03-28 13:19:33,2022-03-28 13:23:22,IP Address,100,228,True,2022-03-28 13:23:22,R_3nuEozoc3OGITDF,qr,EN,Walk,,10:02,18:40,Yes,"Parking availabliity,Cost,Convenience,Travel Time,Environmental concerns",5,2,4,,,,,,,,,,1,3,,Senior,Off,Off,Off,Off,Off,On,Off,Off,Off,Off,Off,Off,Off,Off,Off,On,Off,Off,Off,Off,Off-campus BYU-contracted housing,,,,Provo,,2019,1537,"Enid, Oklahoma","Drive alone or with siblings,Dropped off by parent or guardian,School bus,Walk",,Male,,No,No,Physical and Mathematical Sciences,,"Yes, on campus",Master's degree,
2022-03-28 12:00:35,2022-03-28 14:00:34,IP Address,100,7198,True,2022-03-28 14:00:34,R_1d18JcXGweSqiUY,qr,EN,Drive alone,,04:45,18:30,Yes,"Flexibility,Mode availabililty",,,,,,,2,,,,,1,,,,Sophomore,Off,Off,Off,Off,On,Off,Off,Off,Off,Off,Off,Off,Off,Off,On,Off,Off,Off,Off,Off,Off-campus BYU-contracted housing,,,,Provo,,1916,1277,"Mckinney, Texas, United States ",Drive alone or with siblings,,Male,,No,No,Business,,"Yes, on campus",Bachelor's degree,
2022-03-28 13:57:39,2022-03-28 14:29:11,IP Address,100,1891,True,2022-03-28 14:29:11,R_1jBWuCSmWlJBjGT,qr,EN,UTA Transit (incl. UVX Bus),,11:00,15:00,Yes,"Parking availabliity,Cost,Convenience,Personal preference,Environmental concerns",1,3,2,,,,,,,,5,,,4,,Graduate student,Off,Off,Off,Off,On,Off,Off,Off,Off,Off,Off,Off,On,Off,Off,Off,Off,Off,Off,Off,Non-BYU-contracted housing (including with family),,,,Provo,,2235,3027,"Guilford, Connecticut","Drive alone or with siblings,School bus",,Female,,Yes,No,Humanities,,"Yes, on campus",Bachelor's degree,
2022-03-28 11:50:32,2022-03-28 15:02:37,IP Address,100,11524,True,2022-03-28 15:02:37,R_1C17skPvv16Ck5n,qr,EN,Walk,,09:00,18:07,Yes,"Parking availabliity,Cost,Distance,Exercise,Environmental concerns",2,1,,,,,,3,,4,,,,5,,Senior,Off,Off,Off,Off,On,Off,Off,Off,Off,Off,Off,Off,On,Off,Off,Off,Off,Off,Off,Off,Off-campus BYU-contracted housing,,,,Provo,,1839,1980,,,,,,,,Physical and Mathematical Sciences,,"Yes, on campus",Bachelor's degree,
2022-03-28 15:35:08,2022-03-28 15:38:59,IP Address,100,230,True,2022-03-28 15:39:00,R_2dvaabLtCBI7Gop,qr,EN,Walk,,11:00,17:00,Yes,"Convenience,Distance,Personal preference,Travel Time,Environmental concerns",,,2,,,,,4,,,3,,5,1,,Sophomore,Off,Off,Off,Off,Off,On,Off,Off,Off,Off,Off,Off,Off,Off,On,Off,Off,Off,Off,Off,Off-campus BYU-contracted housing,,,,Provo,,2480,2253,"Kennewick,Wa, USA","Drive alone or with siblings,School bus",,Female,,No,No,Life Sciences,,"Yes, off campus",Master's degree,
2022-03-28 15:46:46,2022-03-28 15:52:43,IP Address,100,357,True,2022-03-28 15:52:43,R_2sQGCMIONDJqx9J,qr,EN,Walk,,,18:30,No,"Flexibility,Distance,Health,Exercise,Mode availabililty",,,,,,,4,5,3,2,,1,,,,Junior,Off,Off,Off,Off,On,Off,Off,Off,Off,Off,Off,Off,On,Off,Off,Off,Off,Off,Off,Off,Off-campus BYU-contracted housing,,,,Provo,,2443,2413,"Dublin, Ohio, USA","Carpool with peers,Dropped off by parent or guardian,School bus,Bicycle, scooter, skateboard, etc.,Walk",,Male,,No,No,Business,,"Yes, both on and off campus",Doctorate or professional degree,
2022-03-28 16:28:33,2022-03-28 16:32:10,IP Address,100,216,True,2022-03-28 16:32:10,R_3PcTyfbhHiGtm9i,qr,EN,Drive alone,,08:45,20:00,Yes,"Safety,Weather",,,,2,,1,,,,,,,,,,Sophomore,Off,Off,Off,Off,On,Off,Off,Off,Off,Off,Off,Off,Off,Off,Off,On,Off,Off,Off,Off,Off-campus BYU-contracted housing,,,,Provo,,2832,2294,"Monroe, Michigan, USA","Drive alone or with siblings,Carpool with peers,School bus",,Male,,No,No,Life Sciences,,"Yes, on campus",Bachelor's degree,
